Nº ocorrência;Data;Aeronave;Classificação;Tipo;Subtipo;Localidade;UF;Segmento;Status;Link
80446;20/12/2021;PTKSG;ACIDENTE;CFIT;VOO CONTROLADO CONTRA O TERRENO;JACAREACANGA;PA;TÁXI AÉREO;FINALIZADA;SAIBA MAIS
80176;12/07/2021;PPFJZ;ACIDENTE;GTOW;REBOQUE DE PLANADOR;BEBEDOURO;SP;INSTRUÇÃO;FINALIZADA;SAIBA MAIS
80176;12/07/2021;PPFJZ;ACIDENTE;LOC-I;PERDA DE CONTROLE EM VOO;BEBEDOURO;SP;INSTRUÇÃO;FINALIZADA;SAIBA MAIS
80176;12/07/2021;PPGAP;ACIDENTE;GTOW;REBOQUE DE PLANADOR;BEBEDOURO;SP;INSTRUÇÃO;FINALIZADA;SAIBA MAIS
80176;12/07/2021;PPGAP;ACIDENTE;LOC-I;PERDA DE CONTROLE EM VOO;BEBEDOURO;SP;INSTRUÇÃO;FINALIZADA;SAIBA MAIS
80156;03/07/2021;PPGSV;ACIDENTE;LOC-G;PERDA DE CONTROLE NO SOLO;CAMPINAS;SP;INSTRUÇÃO;FINALIZADA;SAIBA MAIS
80156;03/07/2021;PPGSV;ACIDENTE;RE;EXCURSÃO DE PISTA;CAMPINAS;SP;INSTRUÇÃO;FINALIZADA;SAIBA MAIS
79989;22/03/2021;PTJGA;INCIDENTE GRAVE;SCF-NP;COM TREM DE POUSO;JI-PARANÁ;RO;PARTICULAR;FINALIZADA;SAIBA MAIS
79983;20/03/2021;PPGKM;ACIDENTE;RE;EXCURSÃO DE PISTA;SANTO ÂNGELO;RS;INSTRUÇÃO;FINALIZADA;SAIBA MAIS
79973;14/03/2021;PTPKA;ACIDENTE;GTOW;REBOQUE DE PLANADOR;ERECHIM;RS;INSTRUÇÃO;FINALIZADA;SAIBA MAIS
79961;09/03/2021;PREJR;ACIDENTE;ARC;POUSO BRUSCO;AMERICANA;SP;INSTRUÇÃO;FINALIZADA;SAIBA MAIS
79947;02/03/2021;PTOIW;ACIDENTE;LOC-I;PERDA DE CONTROLE EM VOO;ARARAS;SP;PARTICULAR;FINALIZADA;SAIBA MAIS
79947;02/03/2021;PTOIW;ACIDENTE;RE;EXCURSÃO DE PISTA;ARARAS;SP;PARTICULAR;FINALIZADA;SAIBA MAIS
79924;28/02/2021;PRAAD;INCIDENTE GRAVE;ARC;POUSO SEM TREM;AMERICANA;SP;ESPECIALIZADA;FINALIZADA;SAIBA MAIS
79909;23/02/2021;PTWIY;ACIDENTE;CTOL;COLISÃO COM OBSTÁCULO DURANTE A DECOLAGEM E POUSO;MIRASSOL D'OESTE;MT;PARTICULAR;FINALIZADA;SAIBA MAIS
79824;28/12/2020;PRALA;ACIDENTE;LOC-I;PERDA DE CONTROLE EM VOO;RIO PARANAÍBA;MG;AGRÍCOLA;FINALIZADA;SAIBA MAIS
79748;23/12/2020;PRDBO;ACIDENTE;RE;EXCURSÃO DE PISTA;SANTANA DO LIVRAMENTO;RS;AGRÍCOLA;FINALIZADA;SAIBA MAIS
79692;28/11/2020;PPHRH;ACIDENTE;RE;POUSO LONGO;CATANDUVA;SP;INSTRUÇÃO;FINALIZADA;SAIBA MAIS
79651;30/10/2020;PTZNQ;ACIDENTE;LOC-G;PERDA DE CONTROLE NO SOLO;BRASÍLIA;DF;EXPERIMENTAL;FINALIZADA;SAIBA MAIS
79651;30/10/2020;PTZNQ;ACIDENTE;RE;EXCURSÃO DE PISTA;BRASÍLIA;DF;EXPERIMENTAL;FINALIZADA;SAIBA MAIS
79651;30/10/2020;PTZNQ;ACIDENTE;SCF-NP;COM TREM DE POUSO;BRASÍLIA;DF;EXPERIMENTAL;FINALIZADA;SAIBA MAIS
79559;19/09/2020;PRZBG;ACIDENTE;RE;POUSO LONGO;BRUSQUE;SC;PARTICULAR;FINALIZADA;SAIBA MAIS
79536;08/09/2020;PTRXI;ACIDENTE;GCOL;COLISÃO COM OBSTÁCULOS NO SOLO;SANTA ROSA;RS;PARTICULAR;FINALIZADA;SAIBA MAIS
79520;03/09/2020;PTKJU;ACIDENTE;OTHR;COM TRANSPORTE DE CARGA;CAMPO GRANDE;MS;PARTICULAR;FINALIZADA;SAIBA MAIS
79505;26/08/2020;PPGMC;ACIDENTE;ARC;CONTATO ANORMAL COM A PISTAA;GUARATINGUETÁ;SP;INSTRUÇÃO;FINALIZADA;SAIBA MAIS
79505;26/08/2020;PPGMC;ACIDENTE;RE;EXCURSÃO DE PISTA;GUARATINGUETÁ;SP;INSTRUÇÃO;FINALIZADA;SAIBA MAIS
79446;16/07/2020;PPEOW;ACIDENTE;OTHR;COM LANÇAMENTO DE PESSOAS;ÁLVARES MACHADO;SP;ADMINISTRAÇÃO DIRETA;FINALIZADA;SAIBA MAIS
79429;26/06/2020;PPBSB;ACIDENTE;LOC-G;PERDA DE CONTROLE NO SOLO;ARAPONGAS;PR;PARTICULAR;FINALIZADA;SAIBA MAIS
79362;31/05/2020;PTTBI;ACIDENTE;RE;EXCURSÃO DE PISTA;TIJUCAS;SC;PARTICULAR;FINALIZADA;SAIBA MAIS
79363;27/05/2020;PRFPM;INCIDENTE GRAVE;LOC-I;PERDA DE CONTROLE EM VOO;RIO DE JANEIRO;RJ;ADMINISTRAÇÃO DIRETA;FINALIZADA;SAIBA MAIS
79365;19/05/2020;PTVEH;ACIDENTE;SCF-PP;FALHA DO MOTOR EM VOO;TIETÊ;SP;PARTICULAR;FINALIZADA;SAIBA MAIS
79340;16/05/2020;PPZGA;ACIDENTE;RE;EXCURSÃO DE PISTA;LÁBREA;AM;EXPERIMENTAL;FINALIZADA;SAIBA MAIS
79346;15/05/2020;PRAAT;ACIDENTE;SCF-PP;FALHA DO MOTOR EM VOO;ILHOTA;SC;AGRÍCOLA;FINALIZADA;SAIBA MAIS
79345;14/05/2020;PROVA;ACIDENTE;SCF-NP;COM TREM DE POUSO;VOTUPORANGA;SP;INSTRUÇÃO;FINALIZADA;SAIBA MAIS
79323;01/05/2020;PPGJH;ACIDENTE;LOC-G;PERDA DE CONTROLE NO SOLO;BLUMENAU;SC;INSTRUÇÃO;FINALIZADA;SAIBA MAIS
79317;27/04/2020;PTOBU;ACIDENTE;RE;EXCURSÃO DE PISTA;MANAUS;AM;PARTICULAR;FINALIZADA;SAIBA MAIS
79234;13/03/2020;PRGSG;ACIDENTE;UNK;INDETERMINADO;TEFÉ;AM;PARTICULAR;FINALIZADA;SAIBA MAIS
79231;07/03/2020;PRENZ;ACIDENTE;RI;INCURSÃO EM PISTA;VILHENA;RO;ESPECIALIZADA;FINALIZADA;SAIBA MAIS
79213;05/03/2020;PPFLF;ACIDENTE;LOC-G;PERDA DE CONTROLE NO SOLO;RIO CLARO;SP;INSTRUÇÃO;FINALIZADA;SAIBA MAIS
79204;28/02/2020;PTEAQ;ACIDENTE;OTHR;OUTROS;COLNIZA;MT;PARTICULAR;FINALIZADA;SAIBA MAIS
79183;22/02/2020;PRDDQ;INCIDENTE GRAVE;SCF-NP;COM TREM DE POUSO;CURITIBA;PR;TÁXI AÉREO;FINALIZADA;SAIBA MAIS
79206;19/02/2020;PTAOP;ACIDENTE;FUEL;COMBUSTÍVEL;GUARAPARI;ES;INSTRUÇÃO;FINALIZADA;SAIBA MAIS
79206;19/02/2020;PTAOP;ACIDENTE;LOC-I;PERDA DE CONTROLE EM VOO;GUARAPARI;ES;INSTRUÇÃO;FINALIZADA;SAIBA MAIS
79111;04/02/2020;PTUED;ACIDENTE;SCF-PP;FALHA DO MOTOR EM VOO;SANTO ÂNGELO;RS;AGRÍCOLA;FINALIZADA;SAIBA MAIS
79124;25/01/2020;PUJJL;ACIDENTE;LALT;OPERAÇÃO A BAIXA ALTITUDE;LEME;SP;EXPERIMENTAL;FINALIZADA;SAIBA MAIS
79124;25/01/2020;PUJJL;ACIDENTE;LOC-I;PERDA DE CONTROLE EM VOO;LEME;SP;EXPERIMENTAL;FINALIZADA;SAIBA MAIS
79125;16/01/2020;PREBS;INCIDENTE GRAVE;OTHR;DESORIENTAÇÃO ESPACIAL;CAUCAIA;CE;ADMINISTRAÇÃO DIRETA;FINALIZADA;SAIBA MAIS
79120;15/01/2020;PRKPC;ACIDENTE;LALT;OPERAÇÃO A BAIXA ALTITUDE;CRUZ ALTA;RS;AGRÍCOLA;FINALIZADA;SAIBA MAIS
79102;31/12/2019;PTZAC;ACIDENTE;LOC-G;PERDA DE CONTROLE NO SOLO;JUIZ DE FORA;MG;EXPERIMENTAL;FINALIZADA;SAIBA MAIS
79102;31/12/2019;PTZAC;ACIDENTE;RE;EXCURSÃO DE PISTA;JUIZ DE FORA;MG;EXPERIMENTAL;FINALIZADA;SAIBA MAIS
78839;29/11/2019;PTUGJ;ACIDENTE;RI;INCURSÃO EM PISTA;GUARARAPES;SP;AGRÍCOLA;FINALIZADA;SAIBA MAIS
78838;28/11/2019;PTWUJ;ACIDENTE;RE;EXCURSÃO DE PISTA;SANTA MARGARIDA DO SUL;RS;AGRÍCOLA;FINALIZADA;SAIBA MAIS
78838;28/11/2019;PTWUJ;ACIDENTE;SCF-PP;FALHA DO MOTOR EM VOO;SANTA MARGARIDA DO SUL;RS;AGRÍCOLA;FINALIZADA;SAIBA MAIS
78833;21/11/2019;PRSLO;ACIDENTE;ARC;POUSO BRUSCO;SÃO PAULO;SP;PARTICULAR;FINALIZADA;SAIBA MAIS
78832;14/11/2019;PTLTJ;ACIDENTE;USOS;POUSO ANTES DA PISTA;MARAÚ;BA;PARTICULAR;FINALIZADA;SAIBA MAIS
78831;12/11/2019;PRLUK;ACIDENTE;SCF-PP;FALHA DO MOTOR EM VOO;SANTARÉM;PA;PARTICULAR;FINALIZADA;SAIBA MAIS
78793;19/10/2019;PRTHI;ACIDENTE;LOC-I;PERDA DE CONTROLE EM VOO;PARÁ DE MINAS;MG;INSTRUÇÃO;FINALIZADA;SAIBA MAIS
78793;19/10/2019;PRTHI;ACIDENTE;SCF-PP;FALHA DO MOTOR EM VOO;PARÁ DE MINAS;MG;INSTRUÇÃO;FINALIZADA;SAIBA MAIS
80258;16/10/2019;PTRXE;ACIDENTE;RE;EXCURSÃO DE PISTA;TANGARÁ DA SERRA;MT;PARTICULAR;FINALIZADA;SAIBA MAIS
80258;16/10/2019;PTRXE;ACIDENTE;WILD;COLISÃO COM FAUNA;TANGARÁ DA SERRA;MT;PARTICULAR;FINALIZADA;SAIBA MAIS
78785;16/09/2019;PTMHC;ACIDENTE;SCF-PP;FALHA DO MOTOR EM VOO;MANAUS;AM;REGULAR;FINALIZADA;SAIBA MAIS
78780;07/09/2019;PUVVS;ACIDENTE;CTOL;COLISÃO COM OBSTÁCULO DURANTE A DECOLAGEM E POUSO;ATIBAIA;SP;EXPERIMENTAL;FINALIZADA;SAIBA MAIS
78780;07/09/2019;PUVVS;ACIDENTE;LOC-G;PERDA DE CONTROLE NO SOLO;ATIBAIA;SP;EXPERIMENTAL;FINALIZADA;SAIBA MAIS
78780;07/09/2019;PUVVS;ACIDENTE;RE;EXCURSÃO DE PISTA;ATIBAIA;SP;EXPERIMENTAL;FINALIZADA;SAIBA MAIS
78770;07/08/2019;PREAM;ACIDENTE;LOC-I;PERDA DE CONTROLE EM VOO;MANAUS;AM;ADMINISTRAÇÃO DIRETA;FINALIZADA;SAIBA MAIS
78768;27/07/2019;PUSRT;ACIDENTE;LOC-G;PERDA DE CONTROLE NO SOLO;BRAGANÇA PAULISTA;SP;EXPERIMENTAL;FINALIZADA;SAIBA MAIS
78768;27/07/2019;PUSRT;ACIDENTE;RE;POUSO LONGO;BRAGANÇA PAULISTA;SP;EXPERIMENTAL;FINALIZADA;SAIBA MAIS
78766;26/07/2019;PTOBL;ACIDENTE;SCF-NP;COM TREM DE POUSO;CRUZEIRO DO SUL;AC;TÁXI AÉREO;FINALIZADA;SAIBA MAIS
78760;20/07/2019;PTOVL;ACIDENTE;SCF-NP;COM TREM DE POUSO;AMERICANA;SP;INSTRUÇÃO;FINALIZADA;SAIBA MAIS
78757;12/07/2019;PTCON;ACIDENTE;UNK;INDETERMINADO;ATIBAIA;SP;PARTICULAR;FINALIZADA;SAIBA MAIS
78751;30/06/2019;PRRMH;ACIDENTE;RE;POUSO LONGO;ALTA FLORESTA;MT;PARTICULAR;FINALIZADA;SAIBA MAIS
78750;29/06/2019;PTDNE;ACIDENTE;LOC-G;PERDA DE CONTROLE NO SOLO;CANELA;RS;INSTRUÇÃO;FINALIZADA;SAIBA MAIS
78750;29/06/2019;PTDNE;ACIDENTE;RE;EXCURSÃO DE PISTA;CANELA;RS;INSTRUÇÃO;FINALIZADA;SAIBA MAIS
78748;26/06/2019;PRARJ;ACIDENTE;SCF-NP;COM TREM DE POUSO;ITAITUBA;PA;PARTICULAR;FINALIZADA;SAIBA MAIS
78743;18/06/2019;PTNXT;ACIDENTE;RE;EXCURSÃO DE PISTA;LAGES;SC;PARTICULAR;FINALIZADA;SAIBA MAIS
78743;18/06/2019;PTNXT;ACIDENTE;SCF-NP;COM TREM DE POUSO;LAGES;SC;PARTICULAR;FINALIZADA;SAIBA MAIS
78741;12/06/2019;PRVVV;INCIDENTE GRAVE;SCF-NP;COM TREM DE POUSO;CAMPO GRANDE;MS;PARTICULAR;FINALIZADA;SAIBA MAIS
78813;03/05/2019;PTRZN;ACIDENTE;SCF-PP;FALHA DO MOTOR EM VOO;VILA RICA;MT;PARTICULAR;FINALIZADA;SAIBA MAIS
78812;03/05/2019;PUPRI;ACIDENTE;UNK;INDETERMINADO;CONCÓRDIA;SC;EXPERIMENTAL;FINALIZADA;SAIBA MAIS
78714;28/04/2019;PPMJT;ACIDENTE;CTOL;COLISÃO COM OBSTÁCULO DURANTE A DECOLAGEM E POUSO;PORTO BELO;SC;PARTICULAR;FINALIZADA;SAIBA MAIS
78714;28/04/2019;PPMJT;ACIDENTE;RE;EXCURSÃO DE PISTA;PORTO BELO;SC;PARTICULAR;FINALIZADA;SAIBA MAIS
79064;15/04/2019;PTFTZ;INCIDENTE GRAVE;OTHR;POUSO EM LOCAL NÃO PREVISTO;GOIÂNIA;GO;PARTICULAR;FINALIZADA;SAIBA MAIS
79456;12/04/2019;PRCST;ACIDENTE;ADRM;AERÓDROMO;NOVO PROGRESSO;PA;PARTICULAR;FINALIZADA;SAIBA MAIS
79456;12/04/2019;PRCST;ACIDENTE;RE;EXCURSÃO DE PISTA;NOVO PROGRESSO;PA;PARTICULAR;FINALIZADA;SAIBA MAIS
78643;10/04/2019;PTWOW;ACIDENTE;RE;EXCURSÃO DE PISTA;BELO HORIZONTE;MG;INSTRUÇÃO;FINALIZADA;SAIBA MAIS
78610;23/03/2019;PTLOK;ACIDENTE;LALT;OPERAÇÃO A BAIXA ALTITUDE;BENTO GONÇALVES;RS;PARTICULAR;FINALIZADA;SAIBA MAIS
78610;23/03/2019;PTLOK;ACIDENTE;LOC-I;PERDA DE CONTROLE EM VOO;BENTO GONÇALVES;RS;PARTICULAR;FINALIZADA;SAIBA MAIS
78612;23/03/2019;PTNMJ;ACIDENTE;ARC;POUSO BRUSCO;BIRITIBA-MIRIM;SP;PARTICULAR;FINALIZADA;SAIBA MAIS
78608;21/03/2019;PTLNG;ACIDENTE;WILD;COLISÃO COM FAUNA;SANTA INÊS;MA;PARTICULAR;FINALIZADA;SAIBA MAIS
78590;12/03/2019;PRAQV;INCIDENTE GRAVE;SCF-PP;FALHA DO MOTOR NO SOLO;CAMPINAS;SP;REGULAR;FINALIZADA;SAIBA MAIS
79494;08/03/2019;PRAAT;ACIDENTE;FUEL;PANE SECA;LUIZ ALVES;SC;AGRÍCOLA;FINALIZADA;SAIBA MAIS
78564;03/03/2019;PROCW;ACIDENTE;USOS;POUSO AQUÉM/ALÉM DA PISTA;RIO DE JANEIRO;RJ;REGULAR;FINALIZADA;SAIBA MAIS
78550;23/02/2019;PTVUU;ACIDENTE;LOC-I;PERDA DE CONTROLE EM VOO;SÃO DESIDÉRIO;BA;PARTICULAR;FINALIZADA;SAIBA MAIS
78552;22/02/2019;PRRCS;ACIDENTE;SCF-NP;FALHA OU MAU FUNCIONAMENTO DE SISTEMA / COMPONENTE;LONDRINA;PR;PARTICULAR;FINALIZADA;SAIBA MAIS
78497;01/02/2019;PRBRU;INCIDENTE GRAVE;GCOL;COLISÃO COM OBSTÁCULOS NO SOLO;CARAUARI;AM;TÁXI AÉREO;FINALIZADA;SAIBA MAIS
80368;01/02/2019;PRWYN;ACIDENTE;ARC;POUSO BRUSCO;GOIÂNIA;GO;PARTICULAR;FINALIZADA;SAIBA MAIS
78455;21/01/2019;PRFBA;ACIDENTE;LALT;OPERAÇÃO A BAIXA ALTITUDE;JAGUARÉ;ES;AGRÍCOLA;FINALIZADA;SAIBA MAIS
78411;02/01/2019;PPBGG;INCIDENTE GRAVE;MAC;TRÁFEGO AÉREO;RECIFE;PE;PARTICULAR;FINALIZADA;SAIBA MAIS
78411;02/01/2019;PRYRA;INCIDENTE GRAVE;MAC;TRÁFEGO AÉREO;RECIFE;PE;REGULAR;FINALIZADA;SAIBA MAIS
78397;01/01/2019;PPMAX;ACIDENTE;RE;EXCURSÃO DE PISTA;PORTO BELO;SC;PARTICULAR;FINALIZADA;SAIBA MAIS
78397;01/01/2019;PPMAX;ACIDENTE;SCF-NP;COM TREM DE POUSO;PORTO BELO;SC;PARTICULAR;FINALIZADA;SAIBA MAIS
78383;23/12/2018;PRAQZ;INCIDENTE GRAVE;F-NI;FUMAÇA NA CABINE;MACEIÓ;AL;REGULAR;FINALIZADA;SAIBA MAIS
78380;20/12/2018;PTMUG;INCIDENTE GRAVE;SCF-NP;FALHA OU MAU FUNCIONAMENTO DE SISTEMA / COMPONENTE;CONFINS;MG;REGULAR;FINALIZADA;SAIBA MAIS
78352;08/12/2018;PPVSM;ACIDENTE;RE;EXCURSÃO DE PISTA;ITAITUBA;PA;PARTICULAR;FINALIZADA;SAIBA MAIS
78353;08/12/2018;PRBDD;ACIDENTE;ARC;POUSO SEM TREM;CAPITÓLIO;MG;PARTICULAR;FINALIZADA;SAIBA MAIS
78348;02/12/2018;PPJFB;INCIDENTE GRAVE;OTHR;POUSO EM LOCAL NÃO PREVISTO;GOIÂNIA;GO;PARTICULAR;FINALIZADA;SAIBA MAIS
78341;28/11/2018;YV2937;INCIDENTE GRAVE;RE;EXCURSÃO DE PISTA;MANAUS;AM;REGULAR;FINALIZADA;SAIBA MAIS
78338;27/11/2018;PRSAC;INCIDENTE GRAVE;ARC;POUSO SEM TREM;CRUZEIRO DO SUL;AC;TÁXI AÉREO;FINALIZADA;SAIBA MAIS
78337;26/11/2018;PPOEG;ACIDENTE;CTOL;COLISÃO COM OBSTÁCULO DURANTE A DECOLAGEM E POUSO;JEQUITAÍ;MG;PARTICULAR;FINALIZADA;SAIBA MAIS
78296;09/11/2018;PPGVQ;ACIDENTE;RE;EXCURSÃO DE PISTA;BRAGANÇA PAULISTA;SP;INSTRUÇÃO;FINALIZADA;SAIBA MAIS
78256;18/10/2018;PPHCP;ACIDENTE;OTHR;CAUSADO POR FENÔMENO METEOROLÓGICO NO SOLO;MARINGÁ;PR;INSTRUÇÃO;FINALIZADA;SAIBA MAIS
78235;08/10/2018;PTICR;INCIDENTE GRAVE;OTHR;OUTROS;PASSO FUNDO;RS;TÁXI AÉREO;FINALIZADA;SAIBA MAIS
78207;28/09/2018;PRWSA;ACIDENTE;ARC;CONTATO ANORMAL COM A PISTAA;RAPOSA;MA;PARTICULAR;FINALIZADA;SAIBA MAIS
78203;26/09/2018;PTMXH;INCIDENTE GRAVE;RI;INCURSÃO EM PISTA;SÃO PAULO;SP;REGULAR;FINALIZADA;SAIBA MAIS
78200;24/09/2018;PRTLZ;ACIDENTE;RE;EXCURSÃO DE PISTA;FOZ DO IGUAÇU;PR;PARTICULAR;FINALIZADA;SAIBA MAIS
78200;24/09/2018;PRTLZ;ACIDENTE;WSTRW;CORTANTE DE VENTO / TEMPESTADE;FOZ DO IGUAÇU;PR;PARTICULAR;FINALIZADA;SAIBA MAIS
78176;10/09/2018;PTLJS;ACIDENTE;ARC;POUSO SEM TREM;ARAÇATUBA;SP;PARTICULAR;FINALIZADA;SAIBA MAIS
78093;30/07/2018;PPLAV;INCIDENTE GRAVE;SCF-NP;COM TREM DE POUSO;COCALINHO;MT;PARTICULAR;FINALIZADA;SAIBA MAIS
78081;29/07/2018;PPGNY;ACIDENTE;LOC-G;PERDA DE CONTROLE NO SOLO;PONTA GROSSA;PR;INSTRUÇÃO;FINALIZADA;SAIBA MAIS
78055;22/07/2018;PTGMA;INCIDENTE GRAVE;SCF-NP;COM TREM DE POUSO;CAIRU;BA;PARTICULAR;FINALIZADA;SAIBA MAIS
78033;16/07/2018;PRGGD;ACIDENTE;SCF-NP;COM TREM DE POUSO;CONFINS;MG;REGULAR;FINALIZADA;SAIBA MAIS
78031;12/07/2018;PREJK;ACIDENTE;MAC;TRÁFEGO AÉREO;ITÁPOLIS;SP;INSTRUÇÃO;FINALIZADA;SAIBA MAIS
78031;12/07/2018;PRJEA;ACIDENTE;MAC;TRÁFEGO AÉREO;ITÁPOLIS;SP;INSTRUÇÃO;FINALIZADA;SAIBA MAIS
78018;08/07/2018;PTAPU;ACIDENTE;LOC-G;PERDA DE CONTROLE NO SOLO;BAURU;SP;INSTRUÇÃO;FINALIZADA;SAIBA MAIS
78018;08/07/2018;PTAPU;ACIDENTE;RE;EXCURSÃO DE PISTA;BAURU;SP;INSTRUÇÃO;FINALIZADA;SAIBA MAIS
77995;30/06/2018;PTBMZ;ACIDENTE;ARC;POUSO BRUSCO;TORRES;RS;PARTICULAR;FINALIZADA;SAIBA MAIS
77963;17/06/2018;PPMEY;ACIDENTE;ADRM;AERÓDROMO;BRASILÂNDIA;MS;PARTICULAR;FINALIZADA;SAIBA MAIS
77923;30/05/2018;PRVIM;ACIDENTE;SCF-NP;COM TREM DE POUSO;SÃO FÉLIX DO ARAGUAIA;MT;PARTICULAR;FINALIZADA;SAIBA MAIS
77896;17/05/2018;PRFDM;INCIDENTE GRAVE;LALT;OPERAÇÃO A BAIXA ALTITUDE;IRAÍ DE MINAS;MG;AGRÍCOLA;FINALIZADA;SAIBA MAIS
77861;27/04/2018;PRVAL;INCIDENTE GRAVE;SCF-NP;ESTOURO DE PNEU;OURILÂNDIA DO NORTE;PA;PARTICULAR;FINALIZADA;SAIBA MAIS
77807;10/04/2018;PRWDB;ACIDENTE;RE;EXCURSÃO DE PISTA;CAMPO GRANDE;MS;INSTRUÇÃO;FINALIZADA;SAIBA MAIS
77807;10/04/2018;PRWDB;ACIDENTE;WILD;COLISÃO COM FAUNA;CAMPO GRANDE;MS;INSTRUÇÃO;FINALIZADA;SAIBA MAIS
77803;09/04/2018;PRGTN;INCIDENTE GRAVE;RI;INCURSÃO EM PISTA;BRASÍLIA;DF;REGULAR;FINALIZADA;SAIBA MAIS
77766;23/03/2018;PPGQA;ACIDENTE;LOC-G;PERDA DE CONTROLE NO SOLO;CANELA;RS;INSTRUÇÃO;FINALIZADA;SAIBA MAIS
77695;22/02/2018;PRSDU;INCIDENTE GRAVE;OTHR;OUTROS;BRASÍLIA;DF;NÃO REGULAR;FINALIZADA;SAIBA MAIS
77695;22/02/2018;PRSDU;INCIDENTE GRAVE;OTHR;PROBLEMAS FISIOLÓGICOS;BRASÍLIA;DF;NÃO REGULAR;FINALIZADA;SAIBA MAIS
77724;19/02/2018;PPGBP;ACIDENTE;LOC-G;PERDA DE CONTROLE NO SOLO;NOVO HORIZONTE;SC;INSTRUÇÃO;FINALIZADA;SAIBA MAIS
77724;19/02/2018;PPGBP;ACIDENTE;RE;EXCURSÃO DE PISTA;NOVO HORIZONTE;SC;INSTRUÇÃO;FINALIZADA;SAIBA MAIS
77684;26/01/2018;PTWUX;ACIDENTE;LOC-G;PERDA DE CONTROLE NO SOLO;ARROIO GRANDE;RS;AGRÍCOLA;FINALIZADA;SAIBA MAIS
77697;23/01/2018;PTIYH;ACIDENTE;RE;EXCURSÃO DE PISTA;ITAITUBA;PA;PARTICULAR;FINALIZADA;SAIBA MAIS
77686;19/01/2018;PTJKY;ACIDENTE;USOS;POUSO ANTES DA PISTA;GARIBALDI;RS;PARTICULAR;FINALIZADA;SAIBA MAIS
77650;18/01/2018;PPHOJ;ACIDENTE;LOC-G;PERDA DE CONTROLE NO SOLO;JUIZ DE FORA;MG;INSTRUÇÃO;FINALIZADA;SAIBA MAIS
77672;13/01/2018;PRGAT;ACIDENTE;LOC-G;PERDA DE CONTROLE NO SOLO;FORMOSA DO RIO PRETO;BA;PARTICULAR;FINALIZADA;SAIBA MAIS
77672;13/01/2018;PRGAT;ACIDENTE;RE;EXCURSÃO DE PISTA;FORMOSA DO RIO PRETO;BA;PARTICULAR;FINALIZADA;SAIBA MAIS
77639;10/01/2018;PRNAS;ACIDENTE;UNK;INDETERMINADO;DOM PEDRITO;RS;AGRÍCOLA;FINALIZADA;SAIBA MAIS
77638;10/01/2018;PTWKV;ACIDENTE;UNK;INDETERMINADO;DOM PEDRITO;RS;AGRÍCOLA;FINALIZADA;SAIBA MAIS
77610;04/01/2018;PPSCF;INCIDENTE GRAVE;SCF-NP;FALHA OU MAU FUNCIONAMENTO DE SISTEMA / COMPONENTE;RIO DE JANEIRO;RJ;PARTICULAR;FINALIZADA;SAIBA MAIS
77202;29/12/2017;PPWGS;INCIDENTE GRAVE;RE;EXCURSÃO DE PISTA;UBATUBA;SP;PARTICULAR;FINALIZADA;SAIBA MAIS
77248;09/12/2017;PTOTV;INCIDENTE GRAVE;SCF-NP;COM TREM DE POUSO;GOIÂNIA;GO;TÁXI AÉREO;FINALIZADA;SAIBA MAIS
77259;06/12/2017;PTOCL;ACIDENTE;ARC;POUSO SEM TREM;NAVEGANTES;SC;TÁXI AÉREO;FINALIZADA;SAIBA MAIS
77267;03/12/2017;PROTO;ACIDENTE;LOC-G;PERDA DE CONTROLE NO SOLO;ELDORADO;MS;PARTICULAR;FINALIZADA;SAIBA MAIS
77267;03/12/2017;PROTO;ACIDENTE;RE;EXCURSÃO DE PISTA;ELDORADO;MS;PARTICULAR;FINALIZADA;SAIBA MAIS
77276;30/11/2017;PRMBG;INCIDENTE GRAVE;OTHR;CAUSADO POR FENÔMENO METEOROLÓGICO NO SOLO;BRASÍLIA;DF;REGULAR;FINALIZADA;SAIBA MAIS
77276;30/11/2017;PRMBG;INCIDENTE GRAVE;RE;EXCURSÃO DE PISTA;BRASÍLIA;DF;REGULAR;FINALIZADA;SAIBA MAIS
77278;30/11/2017;PTJVM;ACIDENTE;SCF-NP;COM TREM DE POUSO;MARINGÁ;PR;PARTICULAR;FINALIZADA;SAIBA MAIS
77301;25/11/2017;PTUZI;ACIDENTE;SCF-NP;FALHA OU MAU FUNCIONAMENTO DE SISTEMA / COMPONENTE;UBARANA;SP;AGRÍCOLA;FINALIZADA;SAIBA MAIS
77316;19/11/2017;PRMFP;ACIDENTE;RE;EXCURSÃO DE PISTA;SÃO PAULO;SP;PARTICULAR;FINALIZADA;SAIBA MAIS
77320;18/11/2017;PRGXW;INCIDENTE GRAVE;RE;POUSO LONGO;FOZ DO IGUAÇU;PR;REGULAR;FINALIZADA;SAIBA MAIS
77324;17/11/2017;PTDNY;ACIDENTE;LOC-G;PERDA DE CONTROLE NO SOLO;SANTARÉM;PA;PARTICULAR;FINALIZADA;SAIBA MAIS
77337;13/11/2017;PREGD;INCIDENTE GRAVE;CTOL;COLISÃO COM OBSTÁCULO DURANTE A DECOLAGEM E POUSO;JOÃO PESSOA;PB;PARTICULAR;FINALIZADA;SAIBA MAIS
77349;11/11/2017;PTOIY;ACIDENTE;ARC;POUSO SEM TREM;JI-PARANÁ;RO;PARTICULAR;FINALIZADA;SAIBA MAIS
77371;02/11/2017;PTEVH;ACIDENTE;RE;EXCURSÃO DE PISTA;CANUTAMA;AM;TÁXI AÉREO;FINALIZADA;SAIBA MAIS
77371;02/11/2017;PTEVH;ACIDENTE;SCF-NP;ESTOURO DE PNEU;CANUTAMA;AM;TÁXI AÉREO;FINALIZADA;SAIBA MAIS
77378;31/10/2017;PRIVI;INCIDENTE GRAVE;RE;POUSO LONGO;JUIZ DE FORA;MG;PARTICULAR;FINALIZADA;SAIBA MAIS
77391;28/10/2017;PTICY;ACIDENTE;RE;POUSO LONGO;ALTO PARAÍSO DE GOIÁS;GO;ADMINISTRAÇÃO DIRETA;FINALIZADA;SAIBA MAIS
77407;22/10/2017;PTORU;ACIDENTE;LALT;OPERAÇÃO A BAIXA ALTITUDE;ITAITUBA;PA;PARTICULAR;FINALIZADA;SAIBA MAIS
77431;15/10/2017;PPNPC;INCIDENTE GRAVE;SCF-NP;ESTOURO DE PNEU;MARINGÁ;PR;PARTICULAR;FINALIZADA;SAIBA MAIS
77441;12/10/2017;PTJVL;ACIDENTE;RE;EXCURSÃO DE PISTA;ATIBAIA;SP;PARTICULAR;FINALIZADA;SAIBA MAIS
77450;10/10/2017;PTGOC;ACIDENTE;LOC-I;PERDA DE CONTROLE EM VOO;LUCAS DO RIO VERDE;MT;ESPECIALIZADA;FINALIZADA;SAIBA MAIS
77454;07/10/2017;PPGEM;ACIDENTE;LOC-G;PERDA DE CONTROLE NO SOLO;SÃO JOSÉ DOS CAMPOS;SP;INSTRUÇÃO;FINALIZADA;SAIBA MAIS
77470;01/10/2017;PTWLE;ACIDENTE;LOC-G;PERDA DE CONTROLE NO SOLO;FORMOSA;GO;PARTICULAR;FINALIZADA;SAIBA MAIS
77487;26/09/2017;PPFGQ;ACIDENTE;LOC-G;PERDA DE CONTROLE NO SOLO;CURITIBA;PR;INSTRUÇÃO;FINALIZADA;SAIBA MAIS
77502;21/09/2017;PTWHE;INCIDENTE GRAVE;RE;EXCURSÃO DE PISTA;MUCURI;BA;TÁXI AÉREO;FINALIZADA;SAIBA MAIS
77505;20/09/2017;PTRHM;ACIDENTE;RE;EXCURSÃO DE PISTA;NOVO HAMBURGO;RS;PARTICULAR;FINALIZADA;SAIBA MAIS
77521;15/09/2017;PTWXX;INCIDENTE GRAVE;ARC;POUSO BRUSCO;CATALÃO;GO;PARTICULAR;FINALIZADA;SAIBA MAIS
77602;22/08/2017;PTLDV;ACIDENTE;RE;EXCURSÃO DE PISTA;MANAUS;AM;PARTICULAR;FINALIZADA;SAIBA MAIS
67137;12/08/2017;PUMON;ACIDENTE;SCF-PP;FALHA DO MOTOR EM VOO;LUZIÂNIA;GO;EXPERIMENTAL;FINALIZADA;SAIBA MAIS
67118;08/08/2017;PRHAC;ACIDENTE;ARC;CONTATO ANORMAL COM A PISTAA;TEÓFILO OTONI;MG;ADMINISTRAÇÃO DIRETA;FINALIZADA;SAIBA MAIS
67118;08/08/2017;PRHAC;ACIDENTE;RE;EXCURSÃO DE PISTA;TEÓFILO OTONI;MG;ADMINISTRAÇÃO DIRETA;FINALIZADA;SAIBA MAIS
67040;21/07/2017;PTLKX;ACIDENTE;SCF-PP;FALHA DO MOTOR EM VOO;FRANCISCO BELTRÃO;PR;PARTICULAR;FINALIZADA;SAIBA MAIS
67058;20/07/2017;PRPRF;ACIDENTE;SCF-PP;FALHA DO MOTOR EM VOO;SANTO ANTÔNIO DO LEVERGER;MT;PARTICULAR;FINALIZADA;SAIBA MAIS
67142;19/07/2017;PRAVC;INCIDENTE GRAVE;CFIT;VOO CONTROLADO CONTRA O TERRENO;RIO DE JANEIRO;RJ;REGULAR;FINALIZADA;SAIBA MAIS
67011;17/07/2017;PTOPT;ACIDENTE;LOC-G;PERDA DE CONTROLE NO SOLO;PONTA GROSSA;PR;INSTRUÇÃO;FINALIZADA;SAIBA MAIS
66977;10/07/2017;PTDQQ;INCIDENTE GRAVE;SCF-NP;COM TREM DE POUSO;LAGES;SC;INSTRUÇÃO;FINALIZADA;SAIBA MAIS
66962;04/07/2017;PTWBP;ACIDENTE;RE;POUSO LONGO;UBATUBA;SP;PARTICULAR;FINALIZADA;SAIBA MAIS
66953;03/07/2017;PRMFR;ACIDENTE;SCF-PP;FALHA DO MOTOR EM VOO;CANTÁ;RR;TÁXI AÉREO;FINALIZADA;SAIBA MAIS
66911;21/06/2017;PTFAL;ACIDENTE;OTHR;CAUSADO POR FENÔMENO METEOROLÓGICO EM VOO;BONFIM;RR;PARTICULAR;FINALIZADA;SAIBA MAIS
66810;08/05/2017;PTUSG;ACIDENTE;LOC-I;PERDA DE CONTROLE EM VOO;NOVA MARINGÁ;MT;PARTICULAR;FINALIZADA;SAIBA MAIS
66650;15/04/2017;PRCHR;ACIDENTE;CTOL;COLISÃO COM OBSTÁCULO DURANTE A DECOLAGEM E POUSO;CABO FRIO;RJ;TÁXI AÉREO;FINALIZADA;SAIBA MAIS
66654;14/04/2017;PRLPW;ACIDENTE;CTOL;COLISÃO COM OBSTÁCULO DURANTE A DECOLAGEM E POUSO;CASSILÂNDIA;MS;PARTICULAR;FINALIZADA;SAIBA MAIS
66639;13/04/2017;PTXTU;ACIDENTE;CTOL;COLISÃO COM OBSTÁCULO DURANTE A DECOLAGEM E POUSO;BANDEIRANTES;PR;PARTICULAR;FINALIZADA;SAIBA MAIS
66616;10/04/2017;PTMEA;ACIDENTE;CTOL;COLISÃO COM OBSTÁCULO DURANTE A DECOLAGEM E POUSO;POÇOS DE CALDAS;MG;TÁXI AÉREO;FINALIZADA;SAIBA MAIS
66559;24/03/2017;PPHPA;ACIDENTE;LOC-G;PERDA DE CONTROLE NO SOLO;ATIBAIA;SP;INSTRUÇÃO;FINALIZADA;SAIBA MAIS
66543;22/03/2017;PPPTQ;INCIDENTE GRAVE;SCF-NP;COM COMANDOS DE VOO;GUARULHOS;SP;REGULAR;FINALIZADA;SAIBA MAIS
66550;20/03/2017;PRTTH;ACIDENTE;LOC-G;PERDA DE CONTROLE NO SOLO;COARI;AM;REGULAR;FINALIZADA;SAIBA MAIS
66527;17/03/2017;PTOQT;INCIDENTE GRAVE;SCF-NP;ESTOURO DE PNEU;CARAUARI;AM;TÁXI AÉREO;FINALIZADA;SAIBA MAIS
66529;17/03/2017;PTYHH;ACIDENTE;FUEL;PANE SECA;ARAUCÁRIA;PR;TÁXI AÉREO;FINALIZADA;SAIBA MAIS
66525;16/03/2017;PTVNZ;INCIDENTE GRAVE;SCF-NP;COM TREM DE POUSO;CUIABÁ;MT;PARTICULAR;FINALIZADA;SAIBA MAIS
66555;15/03/2017;PPHMM;ACIDENTE;LOC-G;PERDA DE CONTROLE NO SOLO;BENTO GONÇALVES;RS;INSTRUÇÃO;FINALIZADA;SAIBA MAIS
66457;01/03/2017;PRMEY;ACIDENTE;ARC;POUSO BRUSCO;CAMPOS DOS GOYTACAZES;RJ;TÁXI AÉREO;FINALIZADA;SAIBA MAIS
66450;22/02/2017;PRFLM;INCIDENTE GRAVE;ARC;POUSO SEM TREM;FLORIANÓPOLIS;SC;INSTRUÇÃO;FINALIZADA;SAIBA MAIS
66444;22/02/2017;PTMZY;INCIDENTE GRAVE;LOC-G;PERDA DE CONTROLE NO SOLO;SÃO PAULO;SP;REGULAR;FINALIZADA;SAIBA MAIS
66444;22/02/2017;PTMZY;INCIDENTE GRAVE;RE;EXCURSÃO DE PISTA;SÃO PAULO;SP;REGULAR;FINALIZADA;SAIBA MAIS
66444;22/02/2017;PTMZY;INCIDENTE GRAVE;SCF-PP;FALHA DO MOTOR NO SOLO;SÃO PAULO;SP;REGULAR;FINALIZADA;SAIBA MAIS
66394;08/02/2017;PRORL;ACIDENTE;SCF-NP;COM TREM DE POUSO;CARAVELAS;BA;PARTICULAR;FINALIZADA;SAIBA MAIS
66350;04/02/2017;PTVSM;INCIDENTE GRAVE;SCF-NP;COM TREM DE POUSO;REDENÇÃO;PA;PARTICULAR;FINALIZADA;SAIBA MAIS
66323;28/01/2017;PRAZG;INCIDENTE GRAVE;SCF-NP;FALHA OU MAU FUNCIONAMENTO DE SISTEMA / COMPONENTE;SALVADOR;BA;REGULAR;FINALIZADA;SAIBA MAIS
66309;19/01/2017;PRSOM;ACIDENTE;LOC-I;PERDA DE CONTROLE EM VOO;PARATY;RJ;PARTICULAR;FINALIZADA;SAIBA MAIS
66244;05/01/2017;PRGRS;ACIDENTE;CTOL;COLISÃO COM OBSTÁCULO DURANTE A DECOLAGEM E POUSO;TANGARÁ DA SERRA;MT;PARTICULAR;FINALIZADA;SAIBA MAIS
66223;04/01/2017;PRRUY;ACIDENTE;LOC-G;PERDA DE CONTROLE NO SOLO;MONTIVIDIU;GO;AGRÍCOLA;FINALIZADA;SAIBA MAIS
66223;04/01/2017;PRRUY;ACIDENTE;RE;EXCURSÃO DE PISTA;MONTIVIDIU;GO;AGRÍCOLA;FINALIZADA;SAIBA MAIS
66221;28/12/2016;PRKNE;ACIDENTE;SCF-PP;FALHA DO MOTOR EM VOO;GUARAPARI;ES;INSTRUÇÃO;FINALIZADA;SAIBA MAIS
66192;27/12/2016;PTRFK;ACIDENTE;RE;EXCURSÃO DE PISTA;MARAÚ;BA;PARTICULAR;FINALIZADA;SAIBA MAIS
66093;09/12/2016;PPPLE;ACIDENTE;ARC;POUSO SEM TREM;ITAITUBA;PA;PARTICULAR;FINALIZADA;SAIBA MAIS
66127;08/12/2016;PTVSM;INCIDENTE GRAVE;LOC-G;PERDA DE CONTROLE NO SOLO;GOIÂNIA;GO;PARTICULAR;FINALIZADA;SAIBA MAIS
66090;07/12/2016;PPGXB;INCIDENTE GRAVE;LOC-G;PERDA DE CONTROLE NO SOLO;BRAGANÇA PAULISTA;SP;INSTRUÇÃO;FINALIZADA;SAIBA MAIS
66005;14/11/2016;PTOMK;ACIDENTE;SCF-NP;COM TREM DE POUSO;CAMPO GRANDE;MS;PARTICULAR;FINALIZADA;SAIBA MAIS
65921;29/10/2016;PPGCT;ACIDENTE;GCOL;COLISÃO COM AERONAVE NO SOLO;BLUMENAU;SC;INSTRUÇÃO;FINALIZADA;SAIBA MAIS
65923;27/10/2016;PTWEB;ACIDENTE;SCF-PP;FALHA DO MOTOR EM VOO;NOVA GRANADA;SP;ESPECIALIZADA;FINALIZADA;SAIBA MAIS
65835;21/10/2016;PRSTN;ACIDENTE;LOC-G;PERDA DE CONTROLE NO SOLO;RECIFE;PE;REGULAR;FINALIZADA;SAIBA MAIS
65835;21/10/2016;PRSTN;ACIDENTE;RE;EXCURSÃO DE PISTA;RECIFE;PE;REGULAR;FINALIZADA;SAIBA MAIS
65815;13/10/2016;PRDYD;ACIDENTE;SCF-PP;FALHA DO MOTOR EM VOO;CANELA;RS;MÚLTIPLA;FINALIZADA;SAIBA MAIS
65745;26/09/2016;PRFLM;ACIDENTE;SCF-NP;FALHA OU MAU FUNCIONAMENTO DE SISTEMA / COMPONENTE;CURITIBA;PR;INSTRUÇÃO;FINALIZADA;SAIBA MAIS
65743;24/09/2016;PTZUN;ACIDENTE;OTHR;PERDA DA CONSCIÊNCIA;MARINGÁ;PR;EXPERIMENTAL;FINALIZADA;SAIBA MAIS
65771;23/09/2016;PPGPM;ACIDENTE;LOC-G;PERDA DE CONTROLE NO SOLO;PONTA GROSSA;PR;INSTRUÇÃO;FINALIZADA;SAIBA MAIS
65717;17/09/2016;PRJVF;ACIDENTE;USOS;POUSO ANTES DA PISTA;MARAÚ;BA;PARTICULAR;FINALIZADA;SAIBA MAIS
65653;10/09/2016;PTMMP;ACIDENTE;RE;POUSO LONGO;ANGRA DOS REIS;RJ;PARTICULAR;FINALIZADA;SAIBA MAIS
65622;08/09/2016;PPFGD;ACIDENTE;LOC-G;PERDA DE CONTROLE NO SOLO;CRUZ ALTA;RS;INSTRUÇÃO;FINALIZADA;SAIBA MAIS
65569;27/08/2016;PTDTW;ACIDENTE;SCF-PP;FALHA DO MOTOR EM VOO;SÃO JOSÉ DOS CAMPOS;SP;INSTRUÇÃO;FINALIZADA;SAIBA MAIS
65536;21/08/2016;PRJSA;INCIDENTE GRAVE;CTOL;COLISÃO COM OBSTÁCULO DURANTE A DECOLAGEM E POUSO;MANAUS;AM;TÁXI AÉREO;FINALIZADA;SAIBA MAIS
65548;21/08/2016;PTKEX;ACIDENTE;ADRM;AERÓDROMO;SANTO ANTÔNIO DO LEVERGER;MT;PARTICULAR;FINALIZADA;SAIBA MAIS
65548;21/08/2016;PTKEX;ACIDENTE;ARC;CONTATO ANORMAL COM A PISTAA;SANTO ANTÔNIO DO LEVERGER;MT;PARTICULAR;FINALIZADA;SAIBA MAIS
65493;03/08/2016;PPMMJ;ACIDENTE;SCF-NP;COM TREM DE POUSO;LÁBREA;AM;PARTICULAR;FINALIZADA;SAIBA MAIS
65469;31/07/2016;PRMJW;ACIDENTE;ARC;POUSO BRUSCO;PIRACICABA;SP;INSTRUÇÃO;FINALIZADA;SAIBA MAIS
65412;12/07/2016;PRAAC;INCIDENTE GRAVE;SCF-NP;ESTOURO DE PNEU;CAMPO GRANDE;MS;ADMINISTRAÇÃO DIRETA;FINALIZADA;SAIBA MAIS
65413;10/07/2016;PTOMW;ACIDENTE;ARC;POUSO BRUSCO;CURVELO;MG;AGRÍCOLA;FINALIZADA;SAIBA MAIS
65414;08/07/2016;PTYDP;INCIDENTE GRAVE;SCF-PP;FALHA DO MOTOR EM VOO;NOVA LIMA;MG;INSTRUÇÃO;FINALIZADA;SAIBA MAIS
65359;25/06/2016;PPGGG;INCIDENTE GRAVE;LOC-G;PERDA DE CONTROLE NO SOLO;PIRACICABA;SP;INSTRUÇÃO;FINALIZADA;SAIBA MAIS
65318;13/06/2016;PRGEO;INCIDENTE GRAVE;LOC-G;PERDA DE CONTROLE NO SOLO;PIRAPORA;MG;PARTICULAR;FINALIZADA;SAIBA MAIS
65292;11/06/2016;PTPJE;ACIDENTE;RI;INCURSÃO EM PISTA;FLORIANÓPOLIS;SC;INSTRUÇÃO;FINALIZADA;SAIBA MAIS
65198;13/05/2016;PTYEL;INCIDENTE GRAVE;CTOL;COLISÃO COM OBSTÁCULO DURANTE A DECOLAGEM E POUSO;CACOAL;RO;ADMINISTRAÇÃO INDIRETA;FINALIZADA;SAIBA MAIS
61079;01/05/2016;PTEET;ACIDENTE;ARC;POUSO SEM TREM;PONTA GROSSA;PR;PARTICULAR;FINALIZADA;SAIBA MAIS
61070;22/04/2016;PRZPE;INCIDENTE GRAVE;ARC;POUSO BRUSCO;REDENÇÃO;PA;PARTICULAR;FINALIZADA;SAIBA MAIS
61012;21/04/2016;PTMCM;ACIDENTE;USOS;POUSO ANTES DA PISTA;PORTO SEGURO;BA;PARTICULAR;FINALIZADA;SAIBA MAIS
60983;09/04/2016;PRGPI;ACIDENTE;LOC-I;PERDA DE CONTROLE EM VOO;UIRAMUTÃ;RR;TÁXI AÉREO;FINALIZADA;SAIBA MAIS
60975;05/04/2016;PTIXS;ACIDENTE;LOC-G;PERDA DE CONTROLE NO SOLO;AMAJARI;RR;TÁXI AÉREO;FINALIZADA;SAIBA MAIS
60981;04/04/2016;PRFIM;ACIDENTE;LOC-G;PERDA DE CONTROLE NO SOLO;LUCAS DO RIO VERDE;MT;PARTICULAR;FINALIZADA;SAIBA MAIS
60981;04/04/2016;PRFIM;ACIDENTE;RE;EXCURSÃO DE PISTA;LUCAS DO RIO VERDE;MT;PARTICULAR;FINALIZADA;SAIBA MAIS
60980;02/04/2016;PTCTB;ACIDENTE;LOC-I;PERDA DE CONTROLE EM VOO;BARREIRINHAS;MA;PARTICULAR;FINALIZADA;SAIBA MAIS
60956;27/03/2016;PPSIX;ACIDENTE;RE;POUSO LONGO;SALTO DE PIRAPORA;SP;PARTICULAR;FINALIZADA;SAIBA MAIS
60951;27/03/2016;PRJRJ;ACIDENTE;LOC-I;PERDA DE CONTROLE EM VOO;SÃO PAULO;SP;INSTRUÇÃO;FINALIZADA;SAIBA MAIS
60924;20/03/2016;PTPAC;ACIDENTE;LOC-G;PERDA DE CONTROLE NO SOLO;SÃO CARLOS;SP;PARTICULAR;FINALIZADA;SAIBA MAIS
60924;20/03/2016;PTPAC;ACIDENTE;RE;EXCURSÃO DE PISTA;SÃO CARLOS;SP;PARTICULAR;FINALIZADA;SAIBA MAIS
60897;18/03/2016;PRHCT;ACIDENTE;CTOL;COLISÃO COM OBSTÁCULO DURANTE A DECOLAGEM E POUSO;CARACARAÍ;RR;ADMINISTRAÇÃO INDIRETA;FINALIZADA;SAIBA MAIS
60785;18/02/2016;PTVXD;ACIDENTE;SCF-PP;FALHA DO MOTOR EM VOO;NOVA UBIRATÃ;MT;PARTICULAR;FINALIZADA;SAIBA MAIS
60730;10/02/2016;PRLDM;INCIDENTE;SCF-NP;FALHA OU MAU FUNCIONAMENTO DE SISTEMA / COMPONENTE;ITANHAÉM;SP;TÁXI AÉREO;FINALIZADA;SAIBA MAIS
60709;25/01/2016;PRHHA;INCIDENTE GRAVE;SCF-NP;COM TREM DE POUSO;CAMPO GRANDE;MS;PARTICULAR;FINALIZADA;SAIBA MAIS
60732;24/01/2016;PPFGM;INCIDENTE GRAVE;LOC-G;PERDA DE CONTROLE NO SOLO;LONDRINA;PR;INSTRUÇÃO;FINALIZADA;SAIBA MAIS
60691;21/01/2016;PRARS;ACIDENTE;RE;EXCURSÃO DE PISTA;JUNDIAÍ;SP;PARTICULAR;FINALIZADA;SAIBA MAIS
60661;20/01/2016;PPFIM;ACIDENTE;LOC-I;PERDA DE CONTROLE EM VOO;OSÓRIO;RS;INSTRUÇÃO;FINALIZADA;SAIBA MAIS
60686;20/01/2016;PTWFX;ACIDENTE;SCF-PP;FALHA DO MOTOR EM VOO;LONDRINA;PR;AGRÍCOLA;FINALIZADA;SAIBA MAIS
60662;18/01/2016;PRMAA;INCIDENTE GRAVE;OTHR;HIPÓXIA;BRASÍLIA;DF;REGULAR;FINALIZADA;SAIBA MAIS
60660;11/01/2016;PTAQS;ACIDENTE;RE;POUSO LONGO;URUGUAIANA;RS;AGRÍCOLA;FINALIZADA;SAIBA MAIS
60630;08/01/2016;PRPDD;ACIDENTE;USOS;POUSO ANTES DA PISTA;RONDONÓPOLIS;MT;REGULAR;FINALIZADA;SAIBA MAIS
60677;05/01/2016;PROTJ;INCIDENTE GRAVE;LOC-G;PERDA DE CONTROLE NO SOLO;CAMPO FLORIDO;MG;AGRÍCOLA;FINALIZADA;SAIBA MAIS
60677;05/01/2016;PROTJ;INCIDENTE GRAVE;RE;EXCURSÃO DE PISTA;CAMPO FLORIDO;MG;AGRÍCOLA;FINALIZADA;SAIBA MAIS
60653;04/01/2016;PTKJI;ACIDENTE;SCF-NP;COM TREM DE POUSO;BELÉM;PA;PARTICULAR;FINALIZADA;SAIBA MAIS
60625;17/12/2015;PPHLH;ACIDENTE;LOC-G;PERDA DE CONTROLE NO SOLO;ITÁPOLIS;SP;INSTRUÇÃO;FINALIZADA;SAIBA MAIS
60609;15/12/2015;PRARK;INCIDENTE GRAVE;LOC-G;PERDA DE CONTROLE NO SOLO;ARAGUAÍNA;TO;PARTICULAR;FINALIZADA;SAIBA MAIS
60620;15/12/2015;PTHVW;ACIDENTE;LOC-G;PERDA DE CONTROLE NO SOLO;RIO DE JANEIRO;RJ;INSTRUÇÃO;FINALIZADA;SAIBA MAIS
60612;13/12/2015;PTWPP;ACIDENTE;LOC-G;PERDA DE CONTROLE NO SOLO;BENTO GONÇALVES;RS;PARTICULAR;FINALIZADA;SAIBA MAIS
60613;12/12/2015;PTUQH;ACIDENTE;CFIT;VOO CONTROLADO CONTRA O TERRENO;JUSCIMEIRA;MT;PARTICULAR;FINALIZADA;SAIBA MAIS
53626;06/12/2015;PTBMU;ACIDENTE;LOC-G;PERDA DE CONTROLE NO SOLO;AMERICANA;SP;PARTICULAR;FINALIZADA;SAIBA MAIS
53626;06/12/2015;PTBMU;ACIDENTE;RE;EXCURSÃO DE PISTA;AMERICANA;SP;PARTICULAR;FINALIZADA;SAIBA MAIS
53571;21/11/2015;PPGSE;ACIDENTE;LOC-G;PERDA DE CONTROLE NO SOLO;GARIBALDI;RS;INSTRUÇÃO;FINALIZADA;SAIBA MAIS
53568;17/11/2015;PTEZQ;INCIDENTE GRAVE;SCF-NP;COM TREM DE POUSO;MANAUS;AM;TÁXI AÉREO;FINALIZADA;SAIBA MAIS
53564;09/11/2015;PRRSA;ACIDENTE;LOC-I;PERDA DE CONTROLE EM VOO;BALSAS;MA;PARTICULAR;FINALIZADA;SAIBA MAIS
53552;06/11/2015;PRVDA;INCIDENTE GRAVE;LOC-G;PERDA DE CONTROLE NO SOLO;TEFÉ;AM;TÁXI AÉREO;FINALIZADA;SAIBA MAIS
53552;06/11/2015;PRVDA;INCIDENTE GRAVE;RE;EXCURSÃO DE PISTA;TEFÉ;AM;TÁXI AÉREO;FINALIZADA;SAIBA MAIS
53551;05/11/2015;PPGSZ;INCIDENTE GRAVE;LOC-G;PERDA DE CONTROLE NO SOLO;BRAGANÇA PAULISTA;SP;INSTRUÇÃO;FINALIZADA;SAIBA MAIS
53545;23/10/2015;PTDIQ;INCIDENTE GRAVE;SCF-NP;ESTOURO DE PNEU;PORTO VELHO;RO;PARTICULAR;FINALIZADA;SAIBA MAIS
53546;22/10/2015;PRDMT;ACIDENTE;LOC-I;PERDA DE CONTROLE EM VOO;RONDONÓPOLIS;MT;PARTICULAR;FINALIZADA;SAIBA MAIS
53543;21/10/2015;PTLKW;ACIDENTE;LOC-I;PERDA DE CONTROLE EM VOO;JARDIM;MS;PARTICULAR;FINALIZADA;SAIBA MAIS
53496;30/09/2015;PTVAU;INCIDENTE GRAVE;SCF-NP;COM TREM DE POUSO;JATAÍ;GO;PARTICULAR;FINALIZADA;SAIBA MAIS
53495;28/09/2015;PTPRA;ACIDENTE;LOC-G;PERDA DE CONTROLE NO SOLO;SANTO ANTÔNIO DO LEVERGER;MT;INSTRUÇÃO;FINALIZADA;SAIBA MAIS
53494;05/09/2015;PTNNZ;ACIDENTE;LOC-G;PERDA DE CONTROLE NO SOLO;GOIÂNIA;GO;PARTICULAR;FINALIZADA;SAIBA MAIS
53471;31/08/2015;PRECK;INCIDENTE GRAVE;LOC-G;PERDA DE CONTROLE NO SOLO;BELO HORIZONTE;MG;INSTRUÇÃO;FINALIZADA;SAIBA MAIS
53462;29/08/2015;PTAPY;INCIDENTE GRAVE;LOC-G;PERDA DE CONTROLE NO SOLO;PELOTAS;RS;PARTICULAR;FINALIZADA;SAIBA MAIS
53466;27/08/2015;PRWTW;ACIDENTE;SCF-NP;COM TREM DE POUSO;GOIÂNIA;GO;PARTICULAR;FINALIZADA;SAIBA MAIS
53436;17/08/2015;PPGTG;INCIDENTE GRAVE;LOC-G;PERDA DE CONTROLE NO SOLO;ITÁPOLIS;SP;INSTRUÇÃO;FINALIZADA;SAIBA MAIS
53434;11/08/2015;PREJI;INCIDENTE GRAVE;LOC-G;PERDA DE CONTROLE NO SOLO;JUNDIAÍ;SP;INSTRUÇÃO;FINALIZADA;SAIBA MAIS
53428;06/08/2015;PPGOB;ACIDENTE;ARC;POUSO BRUSCO;GOIÂNIA;GO;INSTRUÇÃO;FINALIZADA;SAIBA MAIS
53423;01/08/2015;PTKKL;ACIDENTE;ARC;POUSO BRUSCO;ARACAJU;SE;PARTICULAR;FINALIZADA;SAIBA MAIS
53377;25/07/2015;PPGUU;ACIDENTE;ARC;POUSO BRUSCO;CRUZ ALTA;RS;INSTRUÇÃO;FINALIZADA;SAIBA MAIS
53375;23/07/2015;PRPAZ;ACIDENTE;LOC-I;PERDA DE CONTROLE EM VOO;MANAUS;AM;PARTICULAR;FINALIZADA;SAIBA MAIS
53373;21/07/2015;PPEJH;ACIDENTE;LOC-G;PERDA DE CONTROLE NO SOLO;LONDRINA;PR;ADMINISTRAÇÃO DIRETA;FINALIZADA;SAIBA MAIS
53359;09/07/2015;PRENM;ACIDENTE;USOS;POUSO ANTES DA PISTA;TATUÍ;SP;PARTICULAR;FINALIZADA;SAIBA MAIS
53361;07/07/2015;PPGQY;INCIDENTE GRAVE;LOC-G;PERDA DE CONTROLE NO SOLO;RIBEIRÃO PRETO;SP;INSTRUÇÃO;FINALIZADA;SAIBA MAIS
53356;05/07/2015;PPGMI;ACIDENTE;LOC-G;PERDA DE CONTROLE NO SOLO;BLUMENAU;SC;INSTRUÇÃO;FINALIZADA;SAIBA MAIS
53355;28/06/2015;PRSEC;INCIDENTE GRAVE;OTHR;OUTROS;MACAÉ;RJ;TÁXI AÉREO;FINALIZADA;SAIBA MAIS
53332;19/06/2015;PRSTJ;INCIDENTE GRAVE;SCF-NP;FALHA OU MAU FUNCIONAMENTO DE SISTEMA / COMPONENTE;SALVADOR;BA;PARTICULAR;FINALIZADA;SAIBA MAIS
53333;17/06/2015;PPTZV;ACIDENTE;LOC-G;PERDA DE CONTROLE NO SOLO;PIRACICABA;SP;INSTRUÇÃO;FINALIZADA;SAIBA MAIS
53325;13/06/2015;PPGKX;ACIDENTE;LOC-G;PERDA DE CONTROLE NO SOLO;NOVO HAMBURGO;RS;INSTRUÇÃO;FINALIZADA;SAIBA MAIS
53324;11/06/2015;PTBHC;ACIDENTE;FUEL;PANE SECA;GOIÂNIA;GO;PARTICULAR;FINALIZADA;SAIBA MAIS
53326;10/06/2015;PTNTH;INCIDENTE GRAVE;SCF-PP;COM HÉLICE;GUARATINGUETÁ;SP;INSTRUÇÃO;FINALIZADA;SAIBA MAIS
53308;09/06/2015;PRSDL;INCIDENTE GRAVE;LOC-I;PERDA DE CONTROLE EM VOO;SÃO LUÍS;MA;NÃO REGULAR;FINALIZADA;SAIBA MAIS
53268;29/05/2015;PTBDY;ACIDENTE;RE;POUSO LONGO;VIÇOSA;MG;PARTICULAR;FINALIZADA;SAIBA MAIS
53256;17/05/2015;PRRLD;ACIDENTE;CTOL;COLISÃO COM OBSTÁCULO DURANTE A DECOLAGEM E POUSO;CAMPO MOURÃO;PR;PARTICULAR;FINALIZADA;SAIBA MAIS
53257;17/05/2015;PTWLE;ACIDENTE;LOC-G;PERDA DE CONTROLE NO SOLO;ARACAJU;SE;PARTICULAR;FINALIZADA;SAIBA MAIS
53265;05/05/2015;PTKVW;ACIDENTE;RE;POUSO LONGO;PACARAIMA;RR;TÁXI AÉREO;FINALIZADA;SAIBA MAIS
53232;01/05/2015;PPKDZ;ACIDENTE;SCF-PP;FALHA DO MOTOR EM VOO;TIETÊ;SP;INSTRUÇÃO;FINALIZADA;SAIBA MAIS
53233;15/04/2015;PRYZW;INCIDENTE GRAVE;LOC-G;PERDA DE CONTROLE NO SOLO;PALMAS;TO;PARTICULAR;FINALIZADA;SAIBA MAIS
53204;09/04/2015;PTCVR;INCIDENTE GRAVE;OTHR;COLISÃO DE VEÍCULO COM AERONAVE;ANÁPOLIS;GO;INSTRUÇÃO;FINALIZADA;SAIBA MAIS
53203;08/04/2015;PRMHV;INCIDENTE GRAVE;USOS;POUSO ANTES DA PISTA;BRASÍLIA;DF;REGULAR;FINALIZADA;SAIBA MAIS
53198;06/04/2015;PPGBC;ACIDENTE;LOC-G;PERDA DE CONTROLE NO SOLO;MARINGÁ;PR;INSTRUÇÃO;FINALIZADA;SAIBA MAIS
53225;05/04/2015;PPGAA;ACIDENTE;LOC-G;PERDA DE CONTROLE NO SOLO;CAMPINA GRANDE DO SUL;PR;INSTRUÇÃO;FINALIZADA;SAIBA MAIS
53200;05/04/2015;PTKYM;INCIDENTE GRAVE;LOC-G;PERDA DE CONTROLE NO SOLO;SÃO JOAQUIM DA BARRA;SP;INSTRUÇÃO;FINALIZADA;SAIBA MAIS
53196;04/04/2015;PRFLM;ACIDENTE;SCF-NP;COM TREM DE POUSO;FLORIANÓPOLIS;SC;INSTRUÇÃO;FINALIZADA;SAIBA MAIS
53194;26/03/2015;PRFBJ;ACIDENTE;OTHR;POUSO EM LOCAL NÃO PREVISTO;GUARACIABA DO NORTE;CE;PARTICULAR;FINALIZADA;SAIBA MAIS
53151;16/03/2015;PTMEA;INCIDENTE GRAVE;LOC-G;PERDA DE CONTROLE NO SOLO;MAUÉS;AM;TÁXI AÉREO;FINALIZADA;SAIBA MAIS
53148;12/03/2015;PPGSY;ACIDENTE;LOC-G;PERDA DE CONTROLE NO SOLO;ARARAS;SP;INSTRUÇÃO;FINALIZADA;SAIBA MAIS
53149;11/03/2015;PTJEE;ACIDENTE;CTOL;COLISÃO COM OBSTÁCULO DURANTE A DECOLAGEM E POUSO;TABATINGA;AM;PARTICULAR;FINALIZADA;SAIBA MAIS
53152;10/03/2015;PTYPB;INCIDENTE GRAVE;SCF-NP;PERDA DE COMPONENTE EM VOO;RIO DE JANEIRO;RJ;INSTRUÇÃO;FINALIZADA;SAIBA MAIS
53114;22/02/2015;PRFLF;ACIDENTE;LOC-G;PERDA DE CONTROLE NO SOLO;PORTO BELO;SC;PARTICULAR;FINALIZADA;SAIBA MAIS
53115;22/02/2015;PTIXS;ACIDENTE;LOC-I;PERDA DE CONTROLE EM VOO;UIRAMUTÃ;RR;TÁXI AÉREO;FINALIZADA;SAIBA MAIS
53108;16/02/2015;PPFHP;INCIDENTE GRAVE;LOC-G;PERDA DE CONTROLE NO SOLO;UBERLÂNDIA;MG;INSTRUÇÃO;FINALIZADA;SAIBA MAIS
52972;07/02/2015;PTLOA;ACIDENTE;LALT;OPERAÇÃO A BAIXA ALTITUDE;TAPES;RS;AGRÍCOLA;FINALIZADA;SAIBA MAIS
52988;03/02/2015;PRLMB;ACIDENTE;ARC;POUSO BRUSCO;JOINVILLE;SC;INSTRUÇÃO;FINALIZADA;SAIBA MAIS
52984;01/02/2015;PTHVO;ACIDENTE;LOC-I;PERDA DE CONTROLE EM VOO;NOVA LIMA;MG;INSTRUÇÃO;FINALIZADA;SAIBA MAIS
52976;04/01/2015;PUPEK;ACIDENTE;SCF-PP;FALHA DO MOTOR EM VOO;TOLEDO;PR;EXPERIMENTAL;FINALIZADA;SAIBA MAIS
52872;23/12/2014;PRACH;ACIDENTE;LOC-G;PERDA DE CONTROLE NO SOLO;UBERABA;MG;PARTICULAR;FINALIZADA;SAIBA MAIS
52833;16/12/2014;PPBCC;ACIDENTE;LOC-G;PERDA DE CONTROLE NO SOLO;ATIBAIA;SP;PARTICULAR;FINALIZADA;SAIBA MAIS
52833;16/12/2014;PPBCC;ACIDENTE;RE;EXCURSÃO DE PISTA;ATIBAIA;SP;PARTICULAR;FINALIZADA;SAIBA MAIS
52692;09/11/2014;PPGBC;INCIDENTE GRAVE;SCF-NP;PERDA DE COMPONENTE NO SOLO;MARINGÁ;PR;INSTRUÇÃO;FINALIZADA;SAIBA MAIS
52654;01/11/2014;PRYKS;ACIDENTE;SCF-PP;FALHA DO MOTOR EM VOO;IGARASSU;PE;PARTICULAR;FINALIZADA;SAIBA MAIS
52696;28/10/2014;PTAEW;INCIDENTE GRAVE;LOC-I;PERDA DE CONTROLE EM VOO;ATIBAIA;SP;PARTICULAR;FINALIZADA;SAIBA MAIS
52653;28/10/2014;PTKIL;INCIDENTE GRAVE;LOC-G;PERDA DE CONTROLE NO SOLO;MANAUS;AM;PARTICULAR;FINALIZADA;SAIBA MAIS
52694;23/10/2014;PRRQL;INCIDENTE GRAVE;LOC-G;PERDA DE CONTROLE NO SOLO;BRAGANÇA PAULISTA;SP;INSTRUÇÃO;FINALIZADA;SAIBA MAIS
52640;22/10/2014;PTWFO;ACIDENTE;SCF-NP;COM TREM DE POUSO;CAMPO GRANDE;MS;ADMINISTRAÇÃO DIRETA;FINALIZADA;SAIBA MAIS
52636;11/10/2014;PPHSY;ACIDENTE;RE;EXCURSÃO DE PISTA;TATUÍ;SP;INSTRUÇÃO;FINALIZADA;SAIBA MAIS
52699;09/10/2014;PPEMO;INCIDENTE;OTHR;OUTROS;BRASÍLIA;DF;PARTICULAR;FINALIZADA;SAIBA MAIS
52634;09/10/2014;PTUFV;ACIDENTE;FUEL;PANE SECA;PARAGUAÇU PAULISTA;SP;AGRÍCOLA;FINALIZADA;SAIBA MAIS
52538;01/10/2014;PRPAS;ACIDENTE;GCOL;COLISÃO COM OBSTÁCULOS NO SOLO;BOQUIRA;BA;PARTICULAR;FINALIZADA;SAIBA MAIS
52596;25/09/2014;PRGOR;ACIDENTE;AMAN;MANOBRA ABRUPTA;CONFINS;MG;REGULAR;FINALIZADA;SAIBA MAIS
52553;23/09/2014;PTJTN;INCIDENTE GRAVE;LOC-G;PERDA DE CONTROLE NO SOLO;SENADOR JOSÉ PORFÍRIO;PA;PARTICULAR;FINALIZADA;SAIBA MAIS
52552;22/09/2014;PRAXK;INCIDENTE GRAVE;RE;EXCURSÃO DE PISTA;PORTO SEGURO;BA;REGULAR;FINALIZADA;SAIBA MAIS
52551;16/09/2014;PRJFS;INCIDENTE GRAVE;SCF-NP;COM TREM DE POUSO;BELÉM;PA;INSTRUÇÃO;FINALIZADA;SAIBA MAIS
52231;13/09/2014;PTRSN;INCIDENTE GRAVE;SCF-NP;COM TREM DE POUSO;GOIÂNIA;GO;PARTICULAR;FINALIZADA;SAIBA MAIS
52279;07/09/2014;PRTOT;ACIDENTE;CTOL;COLISÃO COM OBSTÁCULO DURANTE A DECOLAGEM E POUSO;TANGARÁ DA SERRA;MT;PARTICULAR;FINALIZADA;SAIBA MAIS
52295;01/09/2014;PRGEB;INCIDENTE GRAVE;SCF-NP;ESTOURO DE PNEU;MANAUS;AM;PARTICULAR;FINALIZADA;SAIBA MAIS
52277;30/08/2014;PTDLA;ACIDENTE;LOC-I;PERDA DE CONTROLE EM VOO;CURITIBA;PR;PARTICULAR;FINALIZADA;SAIBA MAIS
52273;23/08/2014;PTDQG;ACIDENTE;SCF-PP;COM HÉLICE;FORTALEZA;CE;PARTICULAR;FINALIZADA;SAIBA MAIS
52292;20/08/2014;PPFLF;INCIDENTE GRAVE;SCF-NP;COM TREM DE POUSO;RIO CLARO;SP;INSTRUÇÃO;FINALIZADA;SAIBA MAIS
52293;20/08/2014;PRGPG;INCIDENTE GRAVE;RE;POUSO LONGO;UIRAMUTÃ;RR;TÁXI AÉREO;FINALIZADA;SAIBA MAIS
52291;19/08/2014;PTRMX;INCIDENTE GRAVE;LOC-G;PERDA DE CONTROLE NO SOLO;BELÉM;PA;TÁXI AÉREO;FINALIZADA;SAIBA MAIS
52286;11/08/2014;PPGBK;INCIDENTE GRAVE;LOC-G;PERDA DE CONTROLE NO SOLO;CURITIBA;PR;INSTRUÇÃO;FINALIZADA;SAIBA MAIS
52264;11/08/2014;PTLZL;ACIDENTE;ARC;POUSO SEM TREM;CAMPINAS;SP;PARTICULAR;FINALIZADA;SAIBA MAIS
52263;05/08/2014;PTKQM;INCIDENTE GRAVE;ARC;POUSO SEM TREM;SÃO JOSÉ DO RIO PRETO;SP;PARTICULAR;FINALIZADA;SAIBA MAIS
51752;19/07/2014;PPGCL;ACIDENTE;LOC-G;PERDA DE CONTROLE NO SOLO;BEBEDOURO;SP;INSTRUÇÃO;FINALIZADA;SAIBA MAIS
51671;10/07/2014;PPFAZ;ACIDENTE;LOC-G;PERDA DE CONTROLE NO SOLO;MONTENEGRO;RS;INSTRUÇÃO;FINALIZADA;SAIBA MAIS
51753;06/07/2014;PTBVC;ACIDENTE;LOC-I;PERDA DE CONTROLE EM VOO;BARRA DO BUGRES;MT;PARTICULAR;FINALIZADA;SAIBA MAIS
51656;05/07/2014;PTOAI;ACIDENTE;OTHR;CAUSADO POR FENÔMENO METEOROLÓGICO EM VOO;GUARARAPES;SP;PARTICULAR;FINALIZADA;SAIBA MAIS
51674;30/06/2014;PRROD;INCIDENTE GRAVE;ARC;POUSO SEM TREM;BELO HORIZONTE;MG;PARTICULAR;FINALIZADA;SAIBA MAIS
51654;30/06/2014;PTNKG;ACIDENTE;CTOL;COLISÃO COM OBSTÁCULO DURANTE A DECOLAGEM E POUSO;CARAZINHO;RS;PARTICULAR;FINALIZADA;SAIBA MAIS
51653;19/06/2014;PPFLU;ACIDENTE;LOC-I;PERDA DE CONTROLE EM VOO;CRUZ ALTA;RS;INSTRUÇÃO;FINALIZADA;SAIBA MAIS
51653;19/06/2014;PTPJX;ACIDENTE;LOC-I;PERDA DE CONTROLE EM VOO;CRUZ ALTA;RS;INSTRUÇÃO;FINALIZADA;SAIBA MAIS
51568;19/06/2014;PTRUB;INCIDENTE GRAVE;RE;POUSO LONGO;MANAUS;AM;TÁXI AÉREO;FINALIZADA;SAIBA MAIS
51534;13/06/2014;PPPIM;ACIDENTE;SCF-NP;FALHA OU MAU FUNCIONAMENTO DE SISTEMA / COMPONENTE;ARUANÃ;GO;PARTICULAR;FINALIZADA;SAIBA MAIS
51533;11/06/2014;PTEZW;ACIDENTE;SCF-NP;COM TREM DE POUSO;BRAGANÇA PAULISTA;SP;PARTICULAR;FINALIZADA;SAIBA MAIS
51537;08/06/2014;PTJJY;INCIDENTE GRAVE;SCF-NP;FALHA OU MAU FUNCIONAMENTO DE SISTEMA / COMPONENTE;SANTO ANTÔNIO DO LEVERGER;MT;PARTICULAR;FINALIZADA;SAIBA MAIS
51414;30/05/2014;PRTKB;ACIDENTE;WILD;COLISÃO COM FAUNA;COARI;AM;REGULAR;FINALIZADA;SAIBA MAIS
51448;13/05/2014;PTLNG;INCIDENTE GRAVE;ARC;POUSO SEM TREM;SANTA INÊS;MA;PARTICULAR;FINALIZADA;SAIBA MAIS
51449;13/05/2014;PTWHT;INCIDENTE GRAVE;SCF-NP;COM TREM DE POUSO;SINOP;MT;PARTICULAR;FINALIZADA;SAIBA MAIS
51445;09/05/2014;PTGXF;INCIDENTE GRAVE;LOC-G;PERDA DE CONTROLE NO SOLO;CARAZINHO;RS;AGRÍCOLA;FINALIZADA;SAIBA MAIS
51444;03/05/2014;PPEPV;INCIDENTE GRAVE;SCF-NP;FALHA OU MAU FUNCIONAMENTO DE SISTEMA / COMPONENTE;MARABÁ;PA;ADMINISTRAÇÃO DIRETA;FINALIZADA;SAIBA MAIS
51010;02/05/2014;PRFPL;ACIDENTE;LOC-I;PERDA DE CONTROLE EM VOO;LUZIÂNIA;GO;ADMINISTRAÇÃO DIRETA;FINALIZADA;SAIBA MAIS
51443;01/05/2014;PTJJR;INCIDENTE GRAVE;RE;POUSO LONGO;ITANHAÉM;SP;PARTICULAR;FINALIZADA;SAIBA MAIS
51033;30/04/2014;PTWPZ;INCIDENTE GRAVE;WILD;COLISÃO COM FAUNA;CORRENTINA;BA;PARTICULAR;FINALIZADA;SAIBA MAIS
51007;24/04/2014;PROPJ;ACIDENTE;SCF-NP;COM TREM DE POUSO;SOROCABA;SP;PARTICULAR;FINALIZADA;SAIBA MAIS
51008;24/04/2014;PTXBM;ACIDENTE;ARC;POUSO SEM TREM;AMERICANA;SP;PARTICULAR;FINALIZADA;SAIBA MAIS
51441;17/04/2014;PTJRS;INCIDENTE GRAVE;ARC;POUSO SEM TREM;PATROCÍNIO;MG;PARTICULAR;FINALIZADA;SAIBA MAIS
51083;12/04/2014;PRMHA;INCIDENTE;BIRD;COLISÃO COM AVE;GOIÂNIA;GO;REGULAR;FINALIZADA;SAIBA MAIS
51027;09/04/2014;PROAL;INCIDENTE GRAVE;OTHR;POUSO EM LOCAL NÃO PREVISTO;GUARULHOS;SP;REGULAR;FINALIZADA;SAIBA MAIS
50999;28/03/2014;PROAF;ACIDENTE;SCF-NP;COM TREM DE POUSO;BRASÍLIA;DF;REGULAR;FINALIZADA;SAIBA MAIS
50998;28/03/2014;PTLJB;ACIDENTE;GCOL;COLISÃO COM OBSTÁCULOS NO SOLO;SANTA RITA DO ARAGUAIA;GO;TÁXI AÉREO;FINALIZADA;SAIBA MAIS
51026;17/03/2014;PPFHN;INCIDENTE GRAVE;LOC-G;PERDA DE CONTROLE NO SOLO;CURITIBA;PR;INSTRUÇÃO;FINALIZADA;SAIBA MAIS
51025;17/03/2014;PPGMR;INCIDENTE GRAVE;LOC-G;PERDA DE CONTROLE NO SOLO;LONDRINA;PR;INSTRUÇÃO;FINALIZADA;SAIBA MAIS
51024;16/03/2014;PTMDA;INCIDENTE GRAVE;ARC;POUSO SEM TREM;VALENÇA;RJ;PARTICULAR;FINALIZADA;SAIBA MAIS
50979;11/03/2014;PTEVN;ACIDENTE;ARC;POUSO SEM TREM;SANTA ROSA DO PURUS;AC;PARTICULAR;FINALIZADA;SAIBA MAIS
51023;10/03/2014;PTEPW;INCIDENTE GRAVE;LOC-G;PERDA DE CONTROLE NO SOLO;CHAVES;PA;TÁXI AÉREO;FINALIZADA;SAIBA MAIS
50976;02/03/2014;PTOYF;ACIDENTE;FUEL;PANE SECA;ATIBAIA;SP;INSTRUÇÃO;FINALIZADA;SAIBA MAIS
51020;28/02/2014;PTMZX;INCIDENTE GRAVE;SCF-NP;DESCOMPRESSÃO NÃO INTENCIONAL / EXPLOSIVA;RIO DE JANEIRO;RJ;REGULAR;FINALIZADA;SAIBA MAIS
50810;19/02/2014;PTFED;ACIDENTE;SCF-NP;ESTOURO DE PNEU;UIRAMUTÃ;RR;TÁXI AÉREO;FINALIZADA;SAIBA MAIS
50809;18/02/2014;PTYFV;ACIDENTE;LOC-I;PERDA DE CONTROLE EM VOO;RIO DE JANEIRO;RJ;INSTRUÇÃO;FINALIZADA;SAIBA MAIS
51019;16/02/2014;PRCHI;INCIDENTE GRAVE;ARC;POUSO BRUSCO;CABO FRIO;RJ;TÁXI AÉREO;FINALIZADA;SAIBA MAIS
51054;09/02/2014;PRCTM;INCIDENTE GRAVE;SCF-PP;FALHA DO MOTOR EM VOO;MARINGÁ;PR;PARTICULAR;FINALIZADA;SAIBA MAIS
50803;07/02/2014;PRJTP;ACIDENTE;LOC-G;PERDA DE CONTROLE NO SOLO;SILVÂNIA;GO;PARTICULAR;FINALIZADA;SAIBA MAIS
51075;07/02/2014;PRVIU;INCIDENTE;OTHR;OUTROS;FORTALEZA;CE;PARTICULAR;FINALIZADA;SAIBA MAIS
51052;04/02/2014;PTCVP;INCIDENTE GRAVE;ARC;POUSO SEM TREM;BATATAIS;SP;INSTRUÇÃO;FINALIZADA;SAIBA MAIS
50801;01/02/2014;PPMCI;ACIDENTE;GCOL;COLISÃO COM AERONAVE NO SOLO;SOROCABA;SP;PARTICULAR;FINALIZADA;SAIBA MAIS
50801;01/02/2014;PTMEO;ACIDENTE;GCOL;COLISÃO COM AERONAVE NO SOLO;SOROCABA;SP;TÁXI AÉREO;FINALIZADA;SAIBA MAIS
50799;31/01/2014;PTVZT;ACIDENTE;SCF-PP;FALHA DO MOTOR EM VOO;UNAÍ;MG;AGRÍCOLA;FINALIZADA;SAIBA MAIS
50797;29/01/2014;PPDFW;ACIDENTE;SCF-NP;FALHA OU MAU FUNCIONAMENTO DE SISTEMA / COMPONENTE;CACHOEIRA DO SUL;RS;INSTRUÇÃO;FINALIZADA;SAIBA MAIS
51015;29/01/2014;PTWGV;INCIDENTE GRAVE;SCF-PP;FALHA DO MOTOR EM VOO;GUARUJÁ;SP;INSTRUÇÃO;FINALIZADA;SAIBA MAIS
52942;18/01/2014;PRRAU;ACIDENTE;ARC;POUSO SEM TREM;MANAUS;AM;PARTICULAR;FINALIZADA;SAIBA MAIS
52935;09/01/2014;PPGRU;ACIDENTE;LOC-G;PERDA DE CONTROLE NO SOLO;SANTO ÂNGELO;RS;INSTRUÇÃO;FINALIZADA;SAIBA MAIS
51440;09/01/2014;PRSTJ;INCIDENTE GRAVE;LOC-G;PERDA DE CONTROLE NO SOLO;RECIFE;PE;PARTICULAR;FINALIZADA;SAIBA MAIS
52938;08/01/2014;PPGMA;ACIDENTE;LOC-G;PERDA DE CONTROLE NO SOLO;LONDRINA;PR;INSTRUÇÃO;FINALIZADA;SAIBA MAIS
51439;08/01/2014;PPGSG;INCIDENTE GRAVE;ARC;POUSO BRUSCO;SANTARÉM;PA;INSTRUÇÃO;FINALIZADA;SAIBA MAIS
52814;07/01/2014;PTUME;ACIDENTE;LOC-I;PERDA DE CONTROLE EM VOO;BOM JESUS;PI;PARTICULAR;FINALIZADA;SAIBA MAIS
52939;06/01/2014;PTGQP;ACIDENTE;LOC-I;PERDA DE CONTROLE EM VOO;ITAQUI;RS;AGRÍCOLA;FINALIZADA;SAIBA MAIS
50347;30/12/2013;PPGQW;ACIDENTE;LOC-G;PERDA DE CONTROLE NO SOLO;CARAZINHO;RS;INSTRUÇÃO;FINALIZADA;SAIBA MAIS
50251;18/12/2013;PPGBR;ACIDENTE;LOC-G;PERDA DE CONTROLE NO SOLO;SANTO ANTÔNIO DO LEVERGER;MT;INSTRUÇÃO;FINALIZADA;SAIBA MAIS
50315;18/12/2013;PPGNQ;INCIDENTE GRAVE;LOC-G;PERDA DE CONTROLE NO SOLO;PASSO FUNDO;RS;INSTRUÇÃO;FINALIZADA;SAIBA MAIS
50238;16/12/2013;PTCNL;ACIDENTE;SCF-PP;FALHA DO MOTOR EM VOO;TERESINA;PI;INSTRUÇÃO;FINALIZADA;SAIBA MAIS
50346;10/12/2013;PTRPS;ACIDENTE;ARC;POUSO SEM TREM;BRASÍLIA;DF;PARTICULAR;FINALIZADA;SAIBA MAIS
50343;05/12/2013;PTNXS;ACIDENTE;ARC;POUSO BRUSCO;SOROCABA;SP;INSTRUÇÃO;FINALIZADA;SAIBA MAIS
50342;04/12/2013;PTWMY;ACIDENTE;OTHR;OUTROS;NOVO PROGRESSO;PA;TÁXI AÉREO;FINALIZADA;SAIBA MAIS
50341;03/12/2013;PPGIJ;ACIDENTE;LOC-G;PERDA DE CONTROLE NO SOLO;PALMEIRA DAS MISSÕES;RS;INSTRUÇÃO;FINALIZADA;SAIBA MAIS
50513;03/12/2013;PRMZP;INCIDENTE GRAVE;SCF-NP;COM TREM DE POUSO;SÃO JOSÉ DOS PINHAIS;PR;PARTICULAR;FINALIZADA;SAIBA MAIS
50313;25/11/2013;PTRDP;INCIDENTE GRAVE;ARC;POUSO SEM TREM;CACOAL;RO;TÁXI AÉREO;FINALIZADA;SAIBA MAIS
50335;20/11/2013;PTCRK;ACIDENTE;FUEL;PANE SECA;UBERABA;MG;PARTICULAR;FINALIZADA;SAIBA MAIS
50332;08/11/2013;PTNOE;ACIDENTE;SCF-NP;FALHA OU MAU FUNCIONAMENTO DE SISTEMA / COMPONENTE;CIANORTE;PR;PARTICULAR;FINALIZADA;SAIBA MAIS
50322;30/10/2013;PTICT;INCIDENTE GRAVE;ARC;POUSO SEM TREM;SÃO LUÍS;MA;ADMINISTRAÇÃO DIRETA;FINALIZADA;SAIBA MAIS
50097;27/10/2013;PRGGY;INCIDENTE GRAVE;RE;POUSO LONGO;RIO DE JANEIRO;RJ;REGULAR;FINALIZADA;SAIBA MAIS
50317;27/10/2013;PRUBJ;ACIDENTE;LOC-I;PERDA DE CONTROLE EM VOO;TANGARÁ DA SERRA;MT;AGRÍCOLA;FINALIZADA;SAIBA MAIS
50320;27/10/2013;PTHZQ;ACIDENTE;LOC-I;PERDA DE CONTROLE EM VOO;ILHÉUS;BA;MÚLTIPLA;FINALIZADA;SAIBA MAIS
50292;22/10/2013;PTYLN;ACIDENTE;LOC-I;PERDA DE CONTROLE EM VOO;JOINVILLE;SC;INSTRUÇÃO;FINALIZADA;SAIBA MAIS
50053;20/10/2013;PTBXE;ACIDENTE;LOC-G;PERDA DE CONTROLE NO SOLO;CAMPO GRANDE;MS;PARTICULAR;FINALIZADA;SAIBA MAIS
49882;14/10/2013;PTKYB;ACIDENTE;SCF-PP;FALHA DO MOTOR EM VOO;RIO CLARO;SP;INSTRUÇÃO;FINALIZADA;SAIBA MAIS
49934;12/10/2013;PTLVJ;INCIDENTE GRAVE;ARC;POUSO SEM TREM;VARGINHA;MG;PARTICULAR;FINALIZADA;SAIBA MAIS
49932;10/10/2013;PPGGH;INCIDENTE GRAVE;LOC-G;PERDA DE CONTROLE NO SOLO;PASSO FUNDO;RS;INSTRUÇÃO;FINALIZADA;SAIBA MAIS
49931;09/10/2013;PTKEN;INCIDENTE GRAVE;SCF-NP;COM TREM DE POUSO;GOIÂNIA;GO;PARTICULAR;FINALIZADA;SAIBA MAIS
49797;06/10/2013;PTJCZ;INCIDENTE GRAVE;SCF-NP;COM TREM DE POUSO;SALVADOR;BA;PARTICULAR;FINALIZADA;SAIBA MAIS
49798;02/10/2013;PTVLO;INCIDENTE GRAVE;SCF-NP;COM TREM DE POUSO;CAMPO GRANDE;MS;TÁXI AÉREO;FINALIZADA;SAIBA MAIS
49691;26/09/2013;PRORB;INCIDENTE GRAVE;SCF-NP;ESTOURO DE PNEU;TERESINA;PI;ESPECIALIZADA;FINALIZADA;SAIBA MAIS
49751;18/09/2013;PPGJZ;ACIDENTE;LOC-G;PERDA DE CONTROLE NO SOLO;CUIABÁ;MT;INSTRUÇÃO;FINALIZADA;SAIBA MAIS
49692;18/09/2013;PRJAJ;INCIDENTE;SCF-NP;PERDA DE COMPONENTE NO SOLO;BLUMENAU;SC;PARTICULAR;FINALIZADA;SAIBA MAIS
49814;16/09/2013;PPEPA;INCIDENTE GRAVE;LOC-G;PERDA DE CONTROLE NO SOLO;CONSELHEIRO LAFAIETE;MG;ADMINISTRAÇÃO DIRETA;FINALIZADA;SAIBA MAIS
49615;15/09/2013;PTIGA;ACIDENTE;LOC-G;PERDA DE CONTROLE NO SOLO;ARAGARÇAS;GO;PARTICULAR;FINALIZADA;SAIBA MAIS
49673;13/09/2013;PPGBC;INCIDENTE GRAVE;LOC-G;PERDA DE CONTROLE NO SOLO;MARINGÁ;PR;INSTRUÇÃO;FINALIZADA;SAIBA MAIS
49651;11/09/2013;PRJBA;ACIDENTE;SCF-PP;FALHA DO MOTOR EM VOO;MARICÁ;RJ;INSTRUÇÃO;FINALIZADA;SAIBA MAIS
49620;08/09/2013;PPGEV;INCIDENTE GRAVE;LOC-G;PERDA DE CONTROLE NO SOLO;UBERLÂNDIA;MG;INSTRUÇÃO;FINALIZADA;SAIBA MAIS
49612;05/09/2013;PTUAW;ACIDENTE;LOC-G;PERDA DE CONTROLE NO SOLO;CARAZINHO;RS;ESPECIALIZADA;FINALIZADA;SAIBA MAIS
53104;04/09/2013;A6EWI;INCIDENTE;GCOL;COLISÃO COM OBSTÁCULOS NO SOLO;RIO DE JANEIRO;RJ;REGULAR;FINALIZADA;SAIBA MAIS
53104;04/09/2013;PRGUD;INCIDENTE;GCOL;COLISÃO COM OBSTÁCULOS NO SOLO;RIO DE JANEIRO;RJ;REGULAR;FINALIZADA;SAIBA MAIS
49619;31/08/2013;PPGFN;INCIDENTE GRAVE;LOC-G;PERDA DE CONTROLE NO SOLO;CARAZINHO;RS;INSTRUÇÃO;FINALIZADA;SAIBA MAIS
49618;31/08/2013;PTFJA;INCIDENTE GRAVE;OTHR;VAZAMENTO DE OUTROS FLUIDOS;GOIÂNIA;GO;TÁXI AÉREO;FINALIZADA;SAIBA MAIS
49494;26/08/2013;PPGVQ;INCIDENTE GRAVE;LOC-G;PERDA DE CONTROLE NO SOLO;BRAGANÇA PAULISTA;SP;INSTRUÇÃO;FINALIZADA;SAIBA MAIS
49472;21/08/2013;PRDUH;ACIDENTE;GCOL;COLISÃO COM OBSTÁCULOS NO SOLO;PORTO BELO;SC;PARTICULAR;FINALIZADA;SAIBA MAIS
49454;21/08/2013;PRIVE;ACIDENTE;SCF-PP;FALHA DO MOTOR EM VOO;SÃO PAULO;SP;PARTICULAR;FINALIZADA;SAIBA MAIS
49451;15/08/2013;PPKBP;ACIDENTE;LOC-G;PERDA DE CONTROLE NO SOLO;LUZIÂNIA;GO;INSTRUÇÃO;FINALIZADA;SAIBA MAIS
49475;07/08/2013;PPGMA;ACIDENTE;SCF-NP;COM TREM DE POUSO;LONDRINA;PR;INSTRUÇÃO;FINALIZADA;SAIBA MAIS
49511;07/08/2013;PTYSM;INCIDENTE GRAVE;F-NI;FOGO NO SOLO;MACAÉ;RJ;TÁXI AÉREO;FINALIZADA;SAIBA MAIS
49233;03/08/2013;PTLKG;ACIDENTE;SCF-PP;FALHA DO MOTOR EM VOO;JUNDIAÍ;SP;PARTICULAR;FINALIZADA;SAIBA MAIS
49152;27/07/2013;PTDPU;ACIDENTE;LOC-G;PERDA DE CONTROLE NO SOLO;JUIZ DE FORA;MG;INSTRUÇÃO;FINALIZADA;SAIBA MAIS
49156;26/07/2013;PPFGQ;ACIDENTE;LOC-G;PERDA DE CONTROLE NO SOLO;CASTRO;PR;INSTRUÇÃO;FINALIZADA;SAIBA MAIS
49158;26/07/2013;PPPTU;INCIDENTE GRAVE;ICE;FORMAÇÃO DE GELO;SALVADOR;BA;REGULAR;FINALIZADA;SAIBA MAIS
49158;26/07/2013;PPPTU;INCIDENTE GRAVE;LOC-I;PERDA DE CONTROLE EM VOO;SALVADOR;BA;REGULAR;FINALIZADA;SAIBA MAIS
49119;19/07/2013;PTWQV;ACIDENTE;LOC-G;PERDA DE CONTROLE NO SOLO;TANGARÁ DA SERRA;MT;AGRÍCOLA;FINALIZADA;SAIBA MAIS
49116;16/07/2013;PROKK;ACIDENTE;LOC-G;PERDA DE CONTROLE NO SOLO;MANAUS;AM;PARTICULAR;FINALIZADA;SAIBA MAIS
49121;06/07/2013;PPGLJ;ACIDENTE;LOC-G;PERDA DE CONTROLE NO SOLO;FORMOSA;GO;PARTICULAR;FINALIZADA;SAIBA MAIS
49117;06/07/2013;PTITQ;INCIDENTE GRAVE;SCF-NP;COM TREM DE POUSO;GOIÂNIA;GO;PARTICULAR;FINALIZADA;SAIBA MAIS
49157;28/06/2013;PPGUR;INCIDENTE GRAVE;LOC-G;PERDA DE CONTROLE NO SOLO;ERECHIM;RS;INSTRUÇÃO;FINALIZADA;SAIBA MAIS
48879;26/06/2013;PPFPO;INCIDENTE GRAVE;LOC-G;PERDA DE CONTROLE NO SOLO;BELÉM;PA;INSTRUÇÃO;FINALIZADA;SAIBA MAIS
48881;26/06/2013;PRWIL;INCIDENTE GRAVE;LOC-G;PERDA DE CONTROLE NO SOLO;VALENÇA;RJ;PARTICULAR;FINALIZADA;SAIBA MAIS
48878;25/06/2013;PPJGO;INCIDENTE GRAVE;SCF-NP;COM TREM DE POUSO;PENÁPOLIS;SP;PARTICULAR;FINALIZADA;SAIBA MAIS
48876;24/06/2013;PPPLE;ACIDENTE;ARC;POUSO SEM TREM;TRÊS LAGOAS;MS;PARTICULAR;FINALIZADA;SAIBA MAIS
48772;05/06/2013;PTRXY;ACIDENTE;SCF-NP;COM TREM DE POUSO;MARÍLIA;SP;PARTICULAR;FINALIZADA;SAIBA MAIS
48654;31/05/2013;PTWCM;ACIDENTE;ARC;POUSO SEM TREM;GUARULHOS;SP;TÁXI AÉREO;FINALIZADA;SAIBA MAIS
48652;30/05/2013;PRDJC;ACIDENTE;[RAMP];OPERAÇÕES NO SOLO;GUARAMIRANGA;CE;PARTICULAR;FINALIZADA;SAIBA MAIS
48630;30/05/2013;PTBCR;ACIDENTE;SCF-PP;FALHA DO MOTOR EM VOO;RESENDE;RJ;INSTRUÇÃO;FINALIZADA;SAIBA MAIS
48661;25/05/2013;PPGIX;INCIDENTE GRAVE;LOC-G;PERDA DE CONTROLE NO SOLO;TIETÊ;SP;INSTRUÇÃO;FINALIZADA;SAIBA MAIS
48438;18/05/2013;PTLPZ;ACIDENTE;RE;POUSO LONGO;SÃO PAULO;SP;PARTICULAR;FINALIZADA;SAIBA MAIS
48055;08/05/2013;PPGMR;INCIDENTE GRAVE;LOC-I;PERDA DE CONTROLE EM VOO;LONDRINA;PR;INSTRUÇÃO;FINALIZADA;SAIBA MAIS
48012;08/05/2013;PTHML;ACIDENTE;LOC-I;PERDA DE CONTROLE EM VOO;RIO DE JANEIRO;RJ;MÚLTIPLA;FINALIZADA;SAIBA MAIS
48804;08/05/2013;PTORI;INCIDENTE GRAVE;SCF-PP;FALHA DO MOTOR EM VOO;CRUZ ALTA;RS;PARTICULAR;FINALIZADA;SAIBA MAIS
47697;21/04/2013;PRETJ;INCIDENTE GRAVE;LOC-G;PERDA DE CONTROLE NO SOLO;JUNDIAÍ;SP;INSTRUÇÃO;FINALIZADA;SAIBA MAIS
47876;21/04/2013;PTICH;ACIDENTE;SCF-PP;FALHA DO MOTOR EM VOO;SINOP;MT;PARTICULAR;FINALIZADA;SAIBA MAIS
47938;13/04/2013;CSTOF;INCIDENTE;GCOL;COLISÃO COM OBSTÁCULOS NO SOLO;BRASÍLIA;DF;REGULAR;FINALIZADA;SAIBA MAIS
47649;12/04/2013;PTOMW;ACIDENTE;SCF-PP;FALHA DO MOTOR EM VOO;CAMPO MOURÃO;PR;ESPECIALIZADA;FINALIZADA;SAIBA MAIS
47156;18/03/2013;PTUCN;ACIDENTE;LOC-I;PERDA DE CONTROLE EM VOO;ROSÁRIO DO SUL;RS;ESPECIALIZADA;FINALIZADA;SAIBA MAIS
47142;12/03/2013;PTVAQ;ACIDENTE;LOC-I;PERDA DE CONTROLE EM VOO;ALMEIRIM;PA;TÁXI AÉREO;FINALIZADA;SAIBA MAIS
47133;06/03/2013;PRFSF;INCIDENTE GRAVE;LOC-G;PERDA DE CONTROLE NO SOLO;RIACHÃO DAS NEVES;BA;PARTICULAR;FINALIZADA;SAIBA MAIS
47075;02/03/2013;PTWNM;ACIDENTE;SCF-NP;COM PARA-BRISAS / JANELA / PORTA;TEFÉ;AM;TÁXI AÉREO;FINALIZADA;SAIBA MAIS
47110;01/03/2013;PRTPL;ACIDENTE;LOC-I;PERDA DE CONTROLE EM VOO;VILA BELA DA SANTÍSSIMA TRINDADE;MT;AGRÍCOLA;FINALIZADA;SAIBA MAIS
47015;16/02/2013;PRPAD;ACIDENTE;CTOL;COLISÃO COM OBSTÁCULO DURANTE A DECOLAGEM E POUSO;PERDIZES;MG;AGRÍCOLA;FINALIZADA;SAIBA MAIS
47012;08/02/2013;PRCEO;ACIDENTE;USOS;POUSO ANTES DA PISTA;CERES;GO;PARTICULAR;FINALIZADA;SAIBA MAIS
46919;30/01/2013;PTOMU;INCIDENTE GRAVE;RE;EXCURSÃO DE PISTA;RESENDE;RJ;TÁXI AÉREO;FINALIZADA;SAIBA MAIS
46873;27/01/2013;PPGHE;ACIDENTE;SCF-PP;FALHA DO MOTOR EM VOO;RECIFE;PE;INSTRUÇÃO;FINALIZADA;SAIBA MAIS
46865;25/01/2013;PRJFN;INCIDENTE GRAVE;SCF-NP;COM TREM DE POUSO;GOIÂNIA;GO;PARTICULAR;FINALIZADA;SAIBA MAIS
46852;24/01/2013;PTEUP;ACIDENTE;LOC-I;PERDA DE CONTROLE EM VOO;MANAUS;AM;TÁXI AÉREO;FINALIZADA;SAIBA MAIS
46858;18/01/2013;PREJX;ACIDENTE;SCF-PP;FALHA DO MOTOR EM VOO;PIRACICABA;SP;INSTRUÇÃO;FINALIZADA;SAIBA MAIS
46856;17/01/2013;PTOVE;ACIDENTE;SCF-NP;COM TREM DE POUSO;MARINGÁ;PR;PARTICULAR;FINALIZADA;SAIBA MAIS
46860;11/01/2013;PTRIK;ACIDENTE;SCF-PP;FALHA DO MOTOR EM VOO;RIO BRANCO;AC;PARTICULAR;FINALIZADA;SAIBA MAIS
46781;31/12/2012;PTGSB;ACIDENTE;LOC-I;PERDA DE CONTROLE EM VOO;SONORA;MS;AGRÍCOLA;FINALIZADA;SAIBA MAIS
46781;31/12/2012;PTGSB;ACIDENTE;SCF-NP;FALHA OU MAU FUNCIONAMENTO DE SISTEMA / COMPONENTE;SONORA;MS;AGRÍCOLA;FINALIZADA;SAIBA MAIS
46756;20/12/2012;PPGSV;INCIDENTE GRAVE;LOC-I;PERDA DE CONTROLE EM VOO;CAMPINAS;SP;INSTRUÇÃO;FINALIZADA;SAIBA MAIS
46751;13/12/2012;PTGXN;ACIDENTE;RE;EXCURSÃO DE PISTA;URUGUAIANA;RS;AGRÍCOLA;FINALIZADA;SAIBA MAIS
46746;07/12/2012;PTUMV;ACIDENTE;CTOL;COLISÃO COM OBSTÁCULO DURANTE A DECOLAGEM E POUSO;PRIMAVERA DO LESTE;MT;AGRÍCOLA;FINALIZADA;SAIBA MAIS
46712;06/12/2012;PTVKO;INCIDENTE GRAVE;LOC-G;PERDA DE CONTROLE NO SOLO;BELÉM;PA;PARTICULAR;FINALIZADA;SAIBA MAIS
46712;06/12/2012;PTVKO;INCIDENTE GRAVE;RE;EXCURSÃO DE PISTA;BELÉM;PA;PARTICULAR;FINALIZADA;SAIBA MAIS
46630;01/12/2012;PTBMG;ACIDENTE;LOC-G;PERDA DE CONTROLE NO SOLO;JAÚ;SP;PARTICULAR;FINALIZADA;SAIBA MAIS
46590;22/11/2012;PPMEJ;ACIDENTE;LOC-G;PERDA DE CONTROLE NO SOLO;MARICÁ;RJ;INSTRUÇÃO;FINALIZADA;SAIBA MAIS
46587;19/11/2012;PTWFO;ACIDENTE;SCF-NP;COM TREM DE POUSO;CAMPO GRANDE;MS;ADMINISTRAÇÃO DIRETA;FINALIZADA;SAIBA MAIS
46570;11/11/2012;PRMRG;ACIDENTE;RE;POUSO LONGO;SÃO PAULO;SP;TÁXI AÉREO;FINALIZADA;SAIBA MAIS
46584;08/11/2012;PTVUF;ACIDENTE;SCF-PP;FALHA DO MOTOR EM VOO;ARAPUTANGA;MT;PARTICULAR;FINALIZADA;SAIBA MAIS
46564;03/11/2012;PRBRO;ACIDENTE;SCF-PP;FALHA DO MOTOR EM VOO;GOIÂNIA;GO;INSTRUÇÃO;FINALIZADA;SAIBA MAIS
46449;10/10/2012;PRPNM;ACIDENTE;LOC-G;PERDA DE CONTROLE NO SOLO;PORTO ALEGRE;RS;PARTICULAR;FINALIZADA;SAIBA MAIS
46449;10/10/2012;PRPNM;ACIDENTE;RE;EXCURSÃO DE PISTA;PORTO ALEGRE;RS;PARTICULAR;FINALIZADA;SAIBA MAIS
46445;07/10/2012;PTELG;INCIDENTE GRAVE;SCF-NP;COM TREM DE POUSO;CATANDUVA;SP;PARTICULAR;FINALIZADA;SAIBA MAIS
46443;03/10/2012;PPITZ;INCIDENTE GRAVE;SCF-PP;FALHA DO MOTOR EM VOO;TEFÉ;AM;TÁXI AÉREO;FINALIZADA;SAIBA MAIS
46446;28/09/2012;PRATH;INCIDENTE GRAVE;LOC-G;PERDA DE CONTROLE NO SOLO;CASCAVEL;PR;REGULAR;FINALIZADA;SAIBA MAIS
46446;28/09/2012;PRATH;INCIDENTE GRAVE;RE;EXCURSÃO DE PISTA;CASCAVEL;PR;REGULAR;FINALIZADA;SAIBA MAIS
46415;25/09/2012;PTHSN;ACIDENTE;SCF-NP;FALHA OU MAU FUNCIONAMENTO DE SISTEMA / COMPONENTE;FOZ DO IGUAÇU;PR;MÚLTIPLA;FINALIZADA;SAIBA MAIS
46411;23/09/2012;PRYRG;ACIDENTE;GCOL;COLISÃO COM OBSTÁCULOS NO SOLO;BELÉM;PA;TÁXI AÉREO;FINALIZADA;SAIBA MAIS
46337;12/09/2012;PPKBU;ACIDENTE;LOC-G;PERDA DE CONTROLE NO SOLO;ALTO PARAÍSO DE GOIÁS;GO;INSTRUÇÃO;FINALIZADA;SAIBA MAIS
46337;12/09/2012;PPKBU;ACIDENTE;RE;EXCURSÃO DE PISTA;ALTO PARAÍSO DE GOIÁS;GO;INSTRUÇÃO;FINALIZADA;SAIBA MAIS
46451;30/08/2012;PRDGO;INCIDENTE GRAVE;OTHR;POUSO EM LOCAL NÃO PREVISTO;CAMPINAS;SP;PARTICULAR;FINALIZADA;SAIBA MAIS
46444;22/08/2012;PTRPU;ACIDENTE;GCOL;COLISÃO COM OBSTÁCULOS NO SOLO;PAUINI;AM;TÁXI AÉREO;FINALIZADA;SAIBA MAIS
46256;20/08/2012;PTHZE;ACIDENTE;USOS;POUSO ANTES DA PISTA;BELO HORIZONTE;MG;INSTRUÇÃO;FINALIZADA;SAIBA MAIS
46263;17/08/2012;PTFTB;INCIDENTE GRAVE;RE;POUSO LONGO;RIO DE JANEIRO;RJ;TÁXI AÉREO;FINALIZADA;SAIBA MAIS
46259;17/08/2012;PTVEH;ACIDENTE;OTHR;CAUSADO POR FENÔMENO METEOROLÓGICO NO SOLO;CAMPINAS;SP;PARTICULAR;FINALIZADA;SAIBA MAIS
46259;17/08/2012;PTVEH;ACIDENTE;RE;EXCURSÃO DE PISTA;CAMPINAS;SP;PARTICULAR;FINALIZADA;SAIBA MAIS
46253;16/08/2012;PRODM;ACIDENTE;SCF-NP;FALHA OU MAU FUNCIONAMENTO DE SISTEMA / COMPONENTE;ATIBAIA;SP;PARTICULAR;FINALIZADA;SAIBA MAIS
46282;12/08/2012;PTEIR;INCIDENTE GRAVE;ARC;POUSO SEM TREM;COARI;AM;PARTICULAR;FINALIZADA;SAIBA MAIS
46281;10/08/2012;PTWNM;INCIDENTE GRAVE;LOC-G;PERDA DE CONTROLE NO SOLO;MANAUS;AM;TÁXI AÉREO;FINALIZADA;SAIBA MAIS
46281;10/08/2012;PTWNM;INCIDENTE GRAVE;RE;EXCURSÃO DE PISTA;MANAUS;AM;TÁXI AÉREO;FINALIZADA;SAIBA MAIS
46261;08/08/2012;PRDMG;ACIDENTE;CTOL;COLISÃO COM OBSTÁCULO DURANTE A DECOLAGEM E POUSO;PORTO SEGURO;BA;PARTICULAR;FINALIZADA;SAIBA MAIS
46300;08/08/2012;PTTPY;INCIDENTE;SCF-NP;ESTOURO DE PNEU;MOSSORÓ;RN;PARTICULAR;FINALIZADA;SAIBA MAIS
46200;02/08/2012;PRLTB;ACIDENTE;SCF-PP;FALHA DO MOTOR EM VOO;GOIÂNIA;GO;PARTICULAR;FINALIZADA;SAIBA MAIS
46181;23/07/2012;PPMEO;INCIDENTE GRAVE;RE;POUSO LONGO;JUNDIAÍ;SP;PARTICULAR;FINALIZADA;SAIBA MAIS
46170;22/07/2012;PPFJF;ACIDENTE;SCF-NP;COM COMANDOS DE VOO;BEBEDOURO;SP;INSTRUÇÃO;FINALIZADA;SAIBA MAIS
46154;12/07/2012;PRORV;INCIDENTE GRAVE;SCF-NP;COM TREM DE POUSO;UBERABA;MG;PARTICULAR;FINALIZADA;SAIBA MAIS
46024;01/07/2012;PPFKW;INCIDENTE GRAVE;LOC-G;PERDA DE CONTROLE NO SOLO;CURITIBA;PR;INSTRUÇÃO;FINALIZADA;SAIBA MAIS
46024;01/07/2012;PPFKW;INCIDENTE GRAVE;RE;EXCURSÃO DE PISTA;CURITIBA;PR;INSTRUÇÃO;FINALIZADA;SAIBA MAIS
46026;22/06/2012;PTICD;INCIDENTE GRAVE;USOS;POUSO ANTES DA PISTA;BRASÍLIA;DF;PARTICULAR;FINALIZADA;SAIBA MAIS
45934;14/06/2012;PTYCN;ACIDENTE;OTHR;OUTROS;PAÇO DO LUMIAR;MA;PARTICULAR;FINALIZADA;SAIBA MAIS
45932;06/06/2012;PRCMF;INCIDENTE GRAVE;RE;EXCURSÃO DE PISTA;GOIÂNIA;GO;PARTICULAR;FINALIZADA;SAIBA MAIS
45932;06/06/2012;PRCMF;INCIDENTE GRAVE;SCF-NP;COM TREM DE POUSO;GOIÂNIA;GO;PARTICULAR;FINALIZADA;SAIBA MAIS
45914;06/06/2012;PROMV;ACIDENTE;LOC-G;PERDA DE CONTROLE NO SOLO;MACAÉ;RJ;TÁXI AÉREO;FINALIZADA;SAIBA MAIS
45899;03/06/2012;PPRSI;ACIDENTE;LOC-G;PERDA DE CONTROLE NO SOLO;RIO CLARO;SP;INSTRUÇÃO;FINALIZADA;SAIBA MAIS
45900;02/06/2012;PTKRF;ACIDENTE;CTOL;COLISÃO COM OBSTÁCULO DURANTE A DECOLAGEM E POUSO;SÃO PAULO;SP;INSTRUÇÃO;FINALIZADA;SAIBA MAIS
45901;01/06/2012;PTISU;ACIDENTE;OTHR;OUTROS;BELÉM;PA;TÁXI AÉREO;FINALIZADA;SAIBA MAIS
45927;26/05/2012;PTDMC;ACIDENTE;SCF-NP;COM TREM DE POUSO;TATUÍ;SP;PARTICULAR;FINALIZADA;SAIBA MAIS
45929;26/05/2012;PTNYV;ACIDENTE;RE;POUSO LONGO;BELO HORIZONTE;MG;INSTRUÇÃO;FINALIZADA;SAIBA MAIS
52240;25/05/2012;PTDFZ;INCIDENTE GRAVE;SCF-PP;FALHA DO MOTOR EM VOO;CASCAVEL;PR;INSTRUÇÃO;FINALIZADA;SAIBA MAIS
45891;23/05/2012;PTVLU;INCIDENTE GRAVE;SCF-NP;COM TREM DE POUSO;TOLEDO;PR;PARTICULAR;FINALIZADA;SAIBA MAIS
45857;18/05/2012;PTYLN;ACIDENTE;LOC-I;PERDA DE CONTROLE EM VOO;SÃO PAULO;SP;INSTRUÇÃO;FINALIZADA;SAIBA MAIS
45912;04/05/2012;PTOND;INCIDENTE GRAVE;LOC-G;PERDA DE CONTROLE NO SOLO;MUCAJAÍ;RR;TÁXI AÉREO;FINALIZADA;SAIBA MAIS
53433;28/04/2012;PTIKF;ACIDENTE;LOC-I;PERDA DE CONTROLE EM VOO;MARINGÁ;PR;PARTICULAR;FINALIZADA;SAIBA MAIS
46048;24/04/2012;PRJHM;ACIDENTE;RE;EXCURSÃO DE PISTA;GUARULHOS;SP;TÁXI AÉREO;FINALIZADA;SAIBA MAIS
46048;24/04/2012;PRJHM;ACIDENTE;SCF-NP;ESTOURO DE PNEU;GUARULHOS;SP;TÁXI AÉREO;FINALIZADA;SAIBA MAIS
45757;20/04/2012;PPWCA;ACIDENTE;LOC-I;PERDA DE CONTROLE EM VOO;JUNDIAÍ;SP;PARTICULAR;FINALIZADA;SAIBA MAIS
45748;16/04/2012;PTRTH;ACIDENTE;SCF-NP;COM TREM DE POUSO;FORTALEZA;CE;PARTICULAR;FINALIZADA;SAIBA MAIS
45749;15/04/2012;PTLSL;ACIDENTE;SCF-NP;COM TREM DE POUSO;GUARATINGUETÁ;SP;PARTICULAR;FINALIZADA;SAIBA MAIS
45747;13/04/2012;PTDRR;ACIDENTE;ARC;POUSO SEM TREM;CAMPO GRANDE;MS;PARTICULAR;FINALIZADA;SAIBA MAIS
45752;11/04/2012;PPHPA;INCIDENTE GRAVE;LOC-G;PERDA DE CONTROLE NO SOLO;BRAGANÇA PAULISTA;SP;INSTRUÇÃO;FINALIZADA;SAIBA MAIS
45752;11/04/2012;PPHPA;INCIDENTE GRAVE;RE;EXCURSÃO DE PISTA;BRAGANÇA PAULISTA;SP;INSTRUÇÃO;FINALIZADA;SAIBA MAIS
45755;04/04/2012;PRDIX;INCIDENTE GRAVE;LOC-G;PERDA DE CONTROLE NO SOLO;CARUARU;PE;TÁXI AÉREO;FINALIZADA;SAIBA MAIS
45753;02/04/2012;PPGFC;INCIDENTE GRAVE;ARC;POUSO BRUSCO;OURO FINO;MG;INSTRUÇÃO;FINALIZADA;SAIBA MAIS
45753;02/04/2012;PPGFC;INCIDENTE GRAVE;RE;EXCURSÃO DE PISTA;OURO FINO;MG;INSTRUÇÃO;FINALIZADA;SAIBA MAIS
46901;26/03/2012;N4489T;ACIDENTE;SCF-NP;COM TREM DE POUSO;MANAUS;AM;PARTICULAR;FINALIZADA;SAIBA MAIS
45597;12/03/2012;PTKPG;ACIDENTE;RE;EXCURSÃO DE PISTA;CAMPO GRANDE;MS;ADMINISTRAÇÃO DIRETA;FINALIZADA;SAIBA MAIS
45597;12/03/2012;PTKPG;ACIDENTE;SCF-NP;COM TREM DE POUSO;CAMPO GRANDE;MS;ADMINISTRAÇÃO DIRETA;FINALIZADA;SAIBA MAIS
45589;02/03/2012;PPSAM;ACIDENTE;LOC-I;PERDA DE CONTROLE EM VOO;LINS;SP;PARTICULAR;FINALIZADA;SAIBA MAIS
45589;02/03/2012;PPSAM;ACIDENTE;WSTRW;CORTANTE DE VENTO / TEMPESTADE;LINS;SP;PARTICULAR;FINALIZADA;SAIBA MAIS
45599;27/02/2012;PTCJX;INCIDENTE GRAVE;SCF-NP;COM TREM DE POUSO;BRAGANÇA PAULISTA;SP;PARTICULAR;FINALIZADA;SAIBA MAIS
45584;19/02/2012;PRLLA;INCIDENTE GRAVE;ARC;POUSO SEM TREM;ESTÂNCIA;SE;PARTICULAR;FINALIZADA;SAIBA MAIS
52471;15/02/2012;PTVMQ;INCIDENTE GRAVE;LOC-G;PERDA DE CONTROLE NO SOLO;CAIRU;BA;TÁXI AÉREO;FINALIZADA;SAIBA MAIS
52471;15/02/2012;PTVMQ;INCIDENTE GRAVE;RE;EXCURSÃO DE PISTA;CAIRU;BA;TÁXI AÉREO;FINALIZADA;SAIBA MAIS
45466;12/02/2012;PTONX;ACIDENTE;ARC;POUSO SEM TREM;CAMPINAS;SP;PARTICULAR;FINALIZADA;SAIBA MAIS
45524;07/02/2012;PPGKQ;ACIDENTE;LOC-G;PERDA DE CONTROLE NO SOLO;JUNDIAÍ;SP;INSTRUÇÃO;FINALIZADA;SAIBA MAIS
45524;07/02/2012;PPGKQ;ACIDENTE;RE;EXCURSÃO DE PISTA;JUNDIAÍ;SP;INSTRUÇÃO;FINALIZADA;SAIBA MAIS
45393;22/01/2012;PTDHU;ACIDENTE;LOC-G;PERDA DE CONTROLE NO SOLO;RIO DE JANEIRO;RJ;INSTRUÇÃO;FINALIZADA;SAIBA MAIS
45393;22/01/2012;PTDHU;ACIDENTE;RE;EXCURSÃO DE PISTA;RIO DE JANEIRO;RJ;INSTRUÇÃO;FINALIZADA;SAIBA MAIS
45400;21/01/2012;PROAF;INCIDENTE GRAVE;F-NI;FOGO EM VOO;BRASÍLIA;DF;REGULAR;FINALIZADA;SAIBA MAIS
50714;17/01/2012;PTESI;INCIDENTE GRAVE;ARC;POUSO SEM TREM;CAMOCIM;CE;TÁXI AÉREO;FINALIZADA;SAIBA MAIS
45396;11/01/2012;PRJMR;INCIDENTE GRAVE;SCF-NP;COM TREM DE POUSO;MARABÁ;PA;PARTICULAR;FINALIZADA;SAIBA MAIS
45331;06/01/2012;PRTKB;ACIDENTE;OTHR;COM PESSOAL EM VOO;GUARULHOS;SP;REGULAR;FINALIZADA;SAIBA MAIS